ID,confidence
1,1
2,0.66
3,1
4,0.66
5,1
6,0.66
7,0.66
8,1
9,0.66
10,1
11,0.66
12,1
13,1
14,1
15,0.66
16,0.66
17,1
18,0.66
19,0.66
20,0.66
21,1
22,0.66
23,1
24,0.66
25,1
26,1
27,0.66
28,0.66
29,0.66
30,0.66
31,0.66
32,0.66
33,1
34,0.66
35,1
36,1
37,0.66
38,1
39,0.66
40,1
41,0.66
42,0.66
43,0.66
44,0.66
45,0.66
46,1
47,1
48,0.66
49,0.66
50,0.66
51,1
52,0.66
53,0.66
54,1
55,0.66
56,1
57,0.66
58,0.66
59,1
60,1
61,1
62,1
63,1
64,0.66
65,1
66,1
67,1
68,1
69,0.66
70,0.66
71,0.66
72,0.66
73,1
74,0.66
75,1
76,0.66
77,1
78,0.66
79,1
80,0.66
81,1
82,1
83,0.66
84,1
85,1
86,1
87,1
88,1
89,1
90,0.66
91,1
92,0.66
93,1
94,0.66
95,0.66
96,0.66
97,1
98,0.66
99,0.66
100,1
101,1
102,1
103,0.66
104,1
105,1
106,0.66
107,0.66
108,0.66
109,1
110,0.66
111,1
112,0.66
113,0.66
114,1
115,0.66
116,1
117,0.66
118,1
119,0.66
120,1
121,1
122,0.66
123,0.66
124,1
125,0.66
126,1
127,0.66
128,0.66
129,0.66
130,0.66
131,0.66
132,0.66
133,0.66
134,0.66
135,0.66
136,0.66
137,1
138,0.66
139,0.66
140,1
141,1
142,0.66
143,0.66
144,0.66
145,1
146,1
147,0.66
148,1
149,0.66
150,1
151,1
152,0.66
153,0.66
154,1
155,0.66
156,1
157,0.66
158,1
159,1
160,0.66
161,0.66
162,1
163,0.66
164,1
165,1
166,1
167,1
168,1
169,0.66
170,1
171,1
172,0.66
173,1
174,0.66
175,1
176,0.66
177,1
178,1
179,0.66
180,1
181,1
182,0.66
183,0.66
184,1
185,1
186,0.66
187,1
188,1
189,1
190,0.66
191,1
192,1
193,1
194,0.66
195,1
196,1
197,1
198,1
199,1
200,1
201,0.66
202,0.66
203,1
204,1
205,0.66
206,0.66
207,1
208,0.66
209,0.66
210,0.66
211,1
212,1
213,0.66
214,0.66
215,0.66
216,1
217,1
218,1
219,0.66
220,1
221,0.66
222,0.66
223,1
224,1
225,0.66
226,0.66
227,0.66
228,1
229,1
230,0.66
231,0.66
232,1
233,1
234,0.66
235,1
236,0.66
237,1
238,0.66
239,1
240,0.66
241,1
242,1
243,1
244,1
245,1
246,0.66
247,1
248,0.66
249,0.66
250,0.66
251,1
252,1
253,1
254,0.66
255,0.66
256,1
257,1
258,1
259,1
260,1
261,1
262,0.66
263,1
264,0.66
265,0.66
266,0.66
267,0.66
268,0.66
269,0.66
270,0.66
271,0.66
272,0.66
273,1
274,0.66
275,1
276,1
277,0.66
278,0.66
279,0.66
280,1
281,1
282,1
283,1
284,0.66
285,1
286,0.66
287,0.66
288,1
289,0.66
290,1
291,0.66
292,1
293,0.66
294,0.66
295,1
296,1
297,0.66
298,1
299,1
300,1
301,0.66
302,0.66
303,1
304,1
305,0.66
306,0.66
307,0.66
308,1
309,0.66
310,0.66
311,1
312,0.66
313,0.66
314,1
315,0.66
316,0.66
317,1
318,0.66
319,1
320,0.66
321,0.66
322,1
323,1
324,1
325,0.66
326,1
327,1
328,0.66
329,1
330,1
331,0.66
332,1
333,0.66
334,0.66
335,0.66
336,0.66
337,1
338,0.66
339,0.66
340,1
341,1
342,1
343,1
344,0.66
345,1
346,0.66
347,0.66
348,0.66
349,1
350,1
351,0.66
352,0.66
353,1
354,0.66
355,0.66
356,0.66
357,0.66
358,1
359,1
360,0.66
361,1
362,0.66
363,1
364,0.66
365,0.66
366,0.66
367,1
368,1
369,0.66
370,0.66
371,1
372,0.66
373,0.66
374,0.66
375,1
376,1
377,0.66
378,1
379,0.66
380,1
381,0.66
382,0.66
383,0.66
384,0.66
385,1
386,0.66
387,1
388,1
389,1
390,1
391,0.66
392,1
393,1
394,1
395,1
396,0.66
397,0.66
398,0.66
399,0.66
400,1
401,1
402,1
403,1
404,0.66
405,0.66
406,0.66
407,1
408,0.66
409,1
410,1
411,1
412,0.66
413,0.66
414,0.66
415,0.66
416,1
417,0.66
418,0.66
419,0.66
420,1
421,0.66
422,0.66
423,1
424,1
425,1
426,0.66
427,1
428,1
429,0.66
430,1
431,1
432,1
433,0.66
434,1
435,1
436,0.66
437,1
438,0.66
439,0.66
440,0.66
441,0.66
442,1
443,1
444,0.66
445,0.66
446,0.66
447,1
448,0.66
449,0.66
450,1
451,1
452,0.66
453,0.66
454,0.66
455,0.66
456,1
457,1
458,0.66
459,1
460,1
461,1
462,1
463,1
464,1
465,1
466,0.66
467,0.66
468,0.66
469,1
470,1
471,0.66
472,1
473,0.66
474,0.66
475,0.66
476,1
477,0.66
478,1
479,1
480,1
481,1
482,1
483,1
484,1
485,0.66
486,1
487,0.66
488,0.66
489,0.66
490,1
491,1
492,1
493,1
494,1
495,1
496,1
497,1
498,0.66
499,1
500,0.66
501,1
502,1
503,0.66
504,1
505,0.66
506,1
507,0.66
508,1
509,0.66
510,0.66
511,0.66
512,0.66
513,0.66
514,1
515,0.66
516,0.66
517,1
518,1
519,0.66
520,0.66
521,0.66
522,1
523,1
524,0.66
525,1
526,0.66
527,1
528,1
529,1
530,1
531,1
532,0.66
533,0.66
534,1
535,1
536,0.66
537,0.66
538,1
539,1
540,0.66
541,0.66
542,0.66
543,1
544,1
545,1
546,0.66
547,0.66
548,1
549,0.66
550,0.66
551,0.66
552,1
553,0.66
554,1
555,1
556,0.66
557,0.66
558,1
559,1
560,0.66
561,1
562,1
563,0.66
564,0.66
565,0.66
566,0.66
567,0.66
568,0.66
569,0.66
570,0.66
571,0.66
572,1
573,1
574,1
575,0.66
576,0.66
577,1
578,1
579,0.66
580,1
581,1
582,1
583,0.66
584,0.66
585,0.66
586,0.66
587,1
588,0.66
589,1
590,0.66
591,1
592,1
593,0.66
594,1
595,0.66
596,0.66
597,0.66
598,1
599,0.66
600,0.66
601,0.66
602,0.66
603,0.66
604,0.66
605,1
606,0.66
607,0.66
608,1
609,0.66
610,0.66
611,0.66
612,0.66
613,0.66
614,1
615,1
616,0.66
617,0.66
618,0.66
619,0.66
620,1
621,1
622,0.66
623,1
624,0.66
625,0.66
626,0.66
627,0.66
628,0.66
629,1
630,1
631,1
632,1
633,1
634,1
635,1
636,0.66
637,1
638,1
639,0.66
640,0.66
641,0.66
642,1
643,1
644,1
645,0.66
646,1
647,0.66
648,0.66
649,0.66
650,1
651,1
652,1
653,1
654,0.66
655,1
656,1
657,0.66
658,0.66
659,1
660,0.66
661,0.66
662,1
663,0.66
664,1
665,0.66
666,0.66
667,1
668,1
669,0.66
670,0.66
671,1
672,0.66
673,0.66
674,0.66
675,1
676,1
677,0.66
678,1
679,0.66
680,0.66
681,0.66
682,1
683,1
684,1
685,1
686,0.66
687,1
688,0.66
689,1
690,1
691,0.66
692,0.66
693,1
694,0.66
695,1
696,1
697,1
698,0.66
699,1
700,0.66
701,0.66
702,1
703,1
704,0.66
705,1
706,0.66
707,0.66
708,0.66
709,0.66
710,0.66
711,0.66
712,0.66
713,0.66
714,1
715,1
716,1
717,0.66
718,0.66
719,0.66
720,1
721,0.66
722,1
723,1
724,1
725,0.66
726,0.66
727,0.66
728,1
729,1
730,0.66
731,1
732,0.66
733,1
734,1
735,0.66
736,1
737,1
738,0.66
739,1
740,0.66
741,0.66
742,0.66
743,1
744,1
745,0.66
746,0.66
747,1
748,1
749,0.66
750,0.66
751,0.66
752,1
753,1
754,1
755,0.66
756,0.66
757,1
758,1
759,1
760,1
761,1
762,1
763,0.66
764,0.66
765,0.66
766,0.66
767,1
768,0.66
769,1
770,1
771,1
772,0.66
773,1
774,1
775,1
776,1
777,0.66
778,1
779,1
780,1
781,1
782,0.66
783,0.66
784,1
785,0.66
786,0.66
787,1
788,0.66
789,0.66
790,0.66
791,1
792,0.66
793,0.66
794,0.66
795,0.66
796,1
797,1
798,1
799,0.66
800,1
801,0.66
802,0.66
803,0.66
804,1
805,0.66
806,1
807,0.66
808,1
809,0.66
810,1
811,0.66
812,1
813,1
814,0.66
815,1
816,0.66
817,0.66
818,1
819,0.66
820,1
821,1
822,1
823,1
824,1
825,0.66
826,1
827,1
828,0.66
829,1
830,1
831,1
832,1
833,1
834,0.66
835,1
836,0.66
837,0.66
838,0.66
839,1
840,0.66
841,1
842,0.66
843,1
844,0.66
845,1
846,1
847,0.66
848,1
849,0.66
850,0.66
851,1
852,0.66
853,1
854,0.66
855,0.66
856,1
857,0.66
858,0.66
859,1
860,1
861,1
862,1
863,1
864,1
865,0.66
866,1
867,1
868,1
869,0.66
870,1
871,0.66
872,0.66
873,1
874,1
875,0.66
876,0.66
877,0.66
878,0.66
879,0.66
880,0.66
881,0.66
882,1
883,0.66
884,1
885,0.66
886,1
887,0.66
888,0.66
889,1
890,1
891,1
892,1
893,0.66
894,0.66
895,0.66
896,0.66
897,1
898,1
899,0.66
900,1
901,0.66
902,0.66
903,0.66
904,0.66
905,1
906,1
907,0.66
908,1
909,1
910,0.66
911,1
912,1
913,0.66
914,1
915,0.66
916,1
917,0.66
918,1
919,0.66
920,1
921,0.66
922,0.66
923,0.66
924,0.66
925,1
926,1
927,1
928,1
929,0.66
930,1
931,0.66
932,0.66
933,1
934,0.66
935,1
936,1
937,1
938,1
939,0.66
940,1
941,0.66
942,0.66
943,1
944,0.66
945,1
946,0.66
947,1
948,1
949,0.66
950,1
951,0.66
952,0.66
953,1
954,0.66
955,1
956,0.66
957,1
958,1
959,1
960,1
961,0.66
962,1
963,1
964,0.66
965,0.66
966,1
967,0.66
968,1
969,0.66
970,0.66
971,0.66
972,1
973,1
974,0.66
975,0.66
976,1
977,0.66
978,0.66
979,1
980,1
981,1
982,0.66
983,0.66
984,1
985,0.66
986,0.66
987,1
988,0.66
989,0.66
990,0.66
991,0.66
992,1
993,0.66
994,0.66
995,0.66
996,1
997,1
998,1
999,1
1000,1
1001,0.66
1002,0.66
1003,0.66
1004,1
1005,1
1006,0.66
1007,0.66
1008,1
1009,1
1010,1
1011,0.66
1012,1
1013,0.66
1014,0.66
1015,1
1016,0.66
1017,1
1018,1
1019,1
1020,1
1021,1
1022,1
1023,1
1024,0.66
1025,0.66
1026,1
1027,0.66
1028,0.66
1029,0.66
1030,1
1031,0.66
1032,1
1033,0.66
1034,0.66
1035,1
1036,1
1037,0.66
1038,1
1039,1
1040,0.66
1041,1
1042,0.66
1043,1
1044,0.66
1045,1
1046,0.66
1047,1
1048,1
1049,1
1050,0.66
1051,1
1052,0.66
1053,0.66
1054,1
1055,1
1056,0.66
1057,0.66
1058,0.66
1059,1
1060,0.66
1061,1
1062,1
1063,1
1064,0.66
1065,0.66
1066,1
1067,0.66
1068,1
1069,0.66
1070,0.66
1071,1
1072,0.66
1073,0.66
1074,0.66
1075,0.66
1076,0.66
1077,0.66
1078,1
1079,0.66
1080,0.66
1081,1
1082,0.66
1083,1
1084,1
1085,0.66
1086,1
1087,0.66
1088,1
1089,1
1090,1
1091,1
1092,0.66
1093,0.66
1094,0.66
1095,0.66
1096,0.66
1097,1
1098,0.66
1099,1
1100,0.66
1101,0.66
1102,0.66
1103,1
1104,1
1105,1
1106,0.66
1107,1
1108,0.66
1109,0.66
1110,1
1111,0.66
1112,0.66
1113,0.66
1114,1
1115,0.66
1116,1
1117,0.66
1118,0.66
1119,1
1120,1
1121,0.66
1122,0.66
1123,1
1124,0.66
1125,1
1126,1
1127,1
1128,1
1129,1
1130,0.66
1131,0.66
1132,0.66
1133,1
1134,0.66
1135,0.66
1136,1
1137,0.66
1138,0.66
1139,0.66
1140,1
1141,0.66
1142,0.66
1143,0.66
1144,1
1145,1
1146,1
1147,0.66
1148,1
1149,1
1150,1
1151,0.66
1152,1
1153,1
1154,0.66
1155,1
1156,0.66
1157,0.66
1158,1
1159,1
1160,0.66
1161,0.66
1162,0.66
1163,0.66
1164,0.66
1165,0.66
1166,1
1167,1
1168,0.66
1169,0.66
1170,0.66
1171,0.66
1172,1
1173,0.66
1174,0.66
1175,1
1176,0.66
1177,0.66
1178,0.66
1179,1
1180,0.66
1181,0.66
1182,1
1183,1
1184,0.66
1185,1
1186,1
1187,0.66
1188,0.66
1189,1
1190,0.66
1191,0.66
1192,1
1193,0.66
1194,1
1195,0.66
1196,1
1197,0.66
1198,0.66
1199,0.66
1200,1
1201,0.66
1202,0.66
1203,1
1204,1
1205,0.66
1206,1
1207,1
1208,1
1209,0.66
1210,1
1211,1
1212,1
1213,1
1214,1
1215,0.66
1216,1
1217,0.66
1218,0.66
1219,1
1220,1
1221,0.66
1222,0.66
1223,1
1224,1
1225,0.66
1226,1
1227,0.66
1228,0.66
1229,1
1230,0.66
1231,1
1232,1
1233,0.66
1234,0.66
1235,0.66
1236,0.66
1237,0.66
1238,0.66
1239,0.66
1240,0.66
1241,1
1242,1
1243,0.66
1244,1
1245,0.66
1246,0.66
1247,1
1248,0.66
1249,0.66
1250,0.66
1251,1
1252,1
1253,1
1254,1
1255,0.66
1256,1
1257,1
1258,1
1259,1
1260,1
1261,0.66
1262,1
1263,0.66
1264,1
1265,1
1266,0.66
1267,1
1268,0.66
1269,1
1270,1
1271,1
1272,0.66
1273,1
1274,1
1275,1
1276,1
1277,1
1278,0.66
1279,0.66
1280,0.66
1281,1
1282,0.66
1283,0.66
1284,0.66
1285,0.66
1286,1
1287,1
1288,1
1289,0.66
1290,0.66
1291,0.66
1292,0.66
1293,0.66
1294,0.66
1295,1
1296,0.66
1297,0.66
1298,0.66
1299,1
1300,1
1301,0.66
1302,1
1303,0.66
1304,1
1305,1
1306,0.66
1307,0.66
1308,1
1309,1
1310,1
1311,1
1312,1
1313,0.66
1314,0.66
1315,0.66
1316,1
1317,1
1318,1
1319,1
1320,1
1321,0.66
1322,1
1323,1
1324,0.66
1325,0.66
1326,1
1327,0.66
1328,1
1329,0.66
1330,0.66
1331,0.66
1332,0.66
1333,0.66
1334,1
1335,0.66
1336,1
1337,1
1338,1
1339,1
1340,0.66
1341,1
1342,1
1343,0.66
1344,0.66
1345,0.66
1346,0.66
1347,1
1348,1
1349,0.66
1350,1
1351,1
1352,1
1353,1
1354,1
1355,0.66
1356,0.66
1357,0.66
1358,1
1359,1
1360,1
1361,1
1362,0.66
1363,0.66
1364,1
1365,0.66
1366,1
1367,1
1368,0.66
1369,1
1370,1
1371,1
1372,1
1373,1
1374,1
1375,0.66
1376,1
1377,1
1378,1
1379,0.66
1380,1
1381,0.66
1382,1
1383,0.66
1384,0.66
1385,0.66
1386,0.66
1387,1
1388,1
1389,0.66
1390,0.66
1391,1
1392,1
1393,0.66
1394,1
1395,1
1396,1
1397,1
1398,0.66
1399,0.66
1400,0.66
1401,1
1402,1
1403,1
1404,0.66
1405,1
1406,0.66
1407,1
1408,0.66
1409,0.66
1410,0.66
1411,0.66
1412,0.66
1413,1
1414,0.66
1415,0.66
1416,0.66
1417,1
1418,0.66
1419,0.66
1420,0.66
1421,0.66
1422,0.66
1423,1
1424,1
1425,0.66
1426,0.66
1427,1
1428,1
1429,0.66
1430,0.66
1431,1
1432,0.66
1433,0.66
1434,0.66
1435,0.66
1436,1
1437,0.66
1438,1
1439,1
1440,1
1441,0.66
1442,0.66
1443,0.66
1444,0.66
1445,0.66
1446,0.66
1447,1
1448,1
1449,1
1450,1
1451,0.66
1452,1
1453,0.66
1454,1
1455,0.66
1456,1
1457,0.66
1458,1
1459,0.66
1460,0.66
1461,0.66
1462,0.66
1463,1
1464,0.66
1465,0.66
1466,0.66
1467,0.66
1468,1
1469,1
1470,1
1471,0.66
1472,0.66
1473,0.66
1474,1
1475,0.66
1476,1
1477,1
1478,0.66
1479,0.66
1480,1
1481,0.66
1482,1
1483,0.66
1484,1
1485,0.66
1486,1
1487,1
1488,0.66
1489,1
1490,0.66
1491,0.66
1492,1
1493,0.66
1494,0.66
1495,1
1496,1
1497,0.66
1498,1
1499,0.66
1500,0.66
1501,0.66
1502,0.66
1503,1
1504,1
1505,1
1506,1
1507,1
1508,0.66
1509,0.66
1510,1
1511,0.66
1512,0.66
1513,1
1514,0.66
1515,1
1516,1
1517,0.66
1518,1
1519,0.66
1520,0.66
1521,0.66
1522,0.66
1523,1
1524,0.66
1525,0.66
1526,1
1527,0.66
1528,1
1529,1
1530,1
1531,0.66
1532,0.66
1533,0.66
1534,0.66
1535,1
1536,0.66
1537,1
1538,1
1539,0.66
1540,0.66
1541,1
1542,0.66
1543,1
1544,0.66
1545,0.66
1546,1
1547,0.66
1548,1
1549,1
1550,1
1551,1
1552,0.66
1553,1
1554,0.66
1555,0.66
1556,0.66
1557,1
1558,0.66
1559,1
1560,0.66
1561,0.66
1562,1
1563,0.66
1564,1
1565,0.66
1566,1
1567,0.66
1568,1
1569,1
1570,0.66
1571,1
1572,0.66
1573,0.66
1574,1
1575,0.66
1576,0.66
1577,0.66
1578,0.66
1579,0.66
1580,0.66
1581,0.66
1582,0.66
1583,1
1584,1
1585,1
1586,0.66
1587,0.66
1588,0.66
1589,0.66
1590,0.66
1591,0.66
1592,1
1593,1
1594,0.66
1595,0.66
1596,0.66
1597,1
1598,0.66
1599,0.66
1600,0.66
1601,0.66
1602,1
1603,1
1604,0.66
1605,1
1606,0.66
1607,1
1608,1
1609,0.66
1610,0.66
1611,0.66
1612,0.66
1613,0.66
1614,0.66
1615,1
1616,1
1617,0.66
1618,1
1619,1
1620,1
1621,1
1622,1
1623,1
1624,1
1625,1
1626,1
1627,1
1628,0.66
1629,1
1630,1
1631,1
1632,1
1633,1
1634,1
1635,0.66
1636,0.66
1637,0.66
1638,0.66
1639,0.66
1640,1
1641,1
1642,1
1643,1
1644,0.66
1645,1
1646,1
1647,1
1648,1
1649,0.66
1650,0.66
1651,1
1652,0.66
1653,0.66
1654,1
1655,0.66
1656,0.66
1657,1
1658,0.66
1659,0.66
1660,1
1661,1
1662,0.66
1663,1
1664,1
1665,1
1666,1
1667,1
1668,0.66
1669,1
1670,1
1671,1
1672,0.66
1673,0.66
1674,0.66
1675,1
1676,0.66
1677,1
1678,1
1679,0.66
1680,1
1681,1
1682,0.66
1683,0.66
1684,1
1685,1
1686,1
1687,1
1688,0.66
1689,0.66
1690,1
1691,1
1692,1
1693,1
1694,1
1695,1
1696,0.66
1697,1
1698,0.66
1699,1
1700,1
1701,0.66
1702,1
1703,0.66
1704,1
1705,1
1706,1
1707,1
1708,1
1709,1
1710,0.66
1711,1
1712,0.66
1713,0.66
1714,1
1715,0.66
1716,0.66
1717,0.66
1718,0.66
1719,1
1720,0.66
1721,1
1722,0.66
1723,0.66
1724,0.66
1725,1
1726,0.66
1727,0.66
1728,0.66
1729,1
1730,1
1731,1
1732,1
1733,0.66
1734,0.66
1735,1
1736,1
1737,1
1738,1
1739,0.66
1740,1
1741,1
1742,1
1743,1
1744,1
1745,0.66
1746,1
1747,0.66
1748,0.66
1749,1
1750,1
1751,0.66
1752,0.66
1753,1
1754,1
1755,0.66
1756,1
1757,0.66
1758,0.66
1759,0.66
1760,1
1761,1
1762,1
1763,1
1764,0.66
1765,0.66
1766,1
1767,0.66
1768,1
1769,0.66
1770,1
1771,1
1772,0.66
1773,1
1774,1
1775,0.66
1776,0.66
1777,0.66
1778,1
1779,1
1780,0.66
1781,1
1782,1
1783,0.66
1784,0.66
1785,1
1786,1
1787,0.66
1788,0.66
1789,0.66
1790,1
1791,1
1792,0.66
1793,0.66
1794,1
1795,1
1796,0.66
1797,1
1798,0.66
1799,0.66
1800,1
1801,0.66
1802,1
1803,1
1804,0.66
1805,1
1806,0.66
1807,1
1808,1
1809,1
1810,0.66
1811,0.66
1812,0.66
1813,0.66
1814,0.66
1815,1
1816,0.66
1817,0.66
1818,0.66
1819,0.66
1820,1
1821,0.66
1822,1
1823,1
1824,1
1825,0.66
1826,0.66
1827,0.66
1828,1
1829,0.66
1830,0.66
1831,0.66
1832,0.66
1833,0.66
1834,1
1835,1
1836,1
1837,1
1838,1
1839,1
1840,0.66
1841,1
1842,1
1843,0.66
1844,1
1845,1
1846,1
1847,0.66
1848,1
1849,0.66
1850,0.66
1851,1
1852,1
1853,0.66
1854,1
1855,1
1856,0.66
1857,1
1858,1
1859,1
1860,1
1861,0.66
1862,0.66
1863,1
1864,0.66
1865,0.66
1866,0.66
1867,0.66
1868,1
1869,0.66
1870,0.66
1871,1
1872,0.66
1873,1
1874,0.66
1875,1
1876,1
1877,0.66
1878,0.66
1879,1
1880,0.66
1881,1
1882,1
1883,1
1884,0.66
1885,0.66
1886,1
1887,0.66
1888,1
1889,0.66
1890,1
1891,1
1892,0.66
1893,1
1894,0.66
1895,0.66
1896,0.66
1897,0.66
1898,0.66
1899,0.66
1900,1
1901,0.66
1902,1
1903,1
1904,0.66
1905,0.66
1906,1
1907,0.66
1908,0.66
1909,0.66
1910,1
1911,0.66
1912,1
1913,1
1914,0.66
1915,1
1916,1
1917,1
1918,0.66
1919,0.66
1920,1
1921,1
1922,1
1923,0.66
1924,1
1925,0.66
1926,1
1927,0.66
1928,0.66
1929,0.66
1930,0.66
1931,1
1932,1
1933,0.66
1934,1
1935,0.66
1936,0.66
1937,0.66
1938,0.66
1939,0.66
1940,0.66
1941,1
1942,0.66
1943,1
1944,0.66
1945,1
1946,0.66
1947,1
1948,1
1949,0.66
1950,1
1951,1
1952,0.66
1953,1
1954,0.66
1955,0.66
1956,0.66
1957,0.66
1958,0.66
1959,1
1960,1
1961,1
1962,1
1963,0.66
1964,0.66
1965,0.66
1966,0.66
1967,1
1968,0.66
1969,0.66
1970,1
1971,1
1972,1
1973,0.66
1974,1
1975,0.66
1976,1
1977,0.66
1978,1
1979,0.66
1980,0.66
1981,1
1982,0.66
1983,1
1984,1
1985,0.66
1986,0.66
1987,1
1988,1
1989,1
1990,0.66
1991,1
1992,1
1993,0.66
1994,0.66
1995,1
1996,1
1997,1
1998,0.66
1999,0.66
2000,0.66
2001,0.66
2002,0.66
2003,1
2004,0.66
2005,1
2006,0.66
2007,0.66
2008,0.66
2009,0.66
2010,0.66
2011,1
2012,1
2013,1
2014,0.66
2015,0.66
2016,1
2017,1
2018,0.66
2019,1
2020,1
2021,0.66
2022,1
2023,0.66
2024,0.66
2025,0.66
2026,1
2027,1
2028,0.66
2029,0.66
2030,1
2031,0.66
2032,1
2033,1
2034,0.66
2035,0.66
2036,0.66
2037,0.66
2038,0.66
2039,1
2040,1
2041,0.66
2042,0.66
2043,0.66
2044,1
2045,1
2046,1
2047,1
2048,1
2049,0.66
2050,0.66
2051,1
2052,0.66
2053,0.66
2054,0.66
2055,0.66
2056,1
2057,1
2058,0.66
2059,1
2060,0.66
2061,1
2062,1
2063,0.66
2064,0.66
2065,0.66
2066,0.66
2067,0.66
2068,1
2069,1
2070,0.66
2071,0.66
2072,1
2073,0.66
2074,1
2075,1
2076,1
2077,1
2078,0.66
2079,1
2080,1
2081,1
2082,0.66
2083,1
2084,1
2085,1
2086,1
2087,1
2088,0.66
2089,0.66
2090,1
2091,0.66
2092,0.66
2093,1
2094,0.66
2095,1
2096,0.66
2097,1
2098,0.66
2099,1
2100,1
2101,0.66
2102,0.66
2103,0.66
2104,0.66
2105,0.66
2106,0.66
2107,1
2108,1
2109,1
2110,0.66
2111,0.66
2112,1
2113,0.66
2114,0.66
2115,0.66
2116,0.66
2117,0.66
2118,1
2119,0.66
2120,1
2121,1
2122,1
2123,0.66
2124,1
2125,1
2126,0.66
2127,1
2128,1
2129,0.66
2130,0.66
2131,0.66
2132,0.66
2133,0.66
2134,0.66
2135,0.66
2136,1
2137,0.66
2138,0.66
2139,0.66
2140,0.66
2141,1
2142,1
2143,0.66
2144,0.66
2145,0.66
2146,0.66
2147,1
2148,0.66
2149,0.66
2150,1
2151,1
2152,1
2153,0.66
2154,1
2155,0.66
2156,0.66
2157,0.66
2158,0.66
2159,0.66
2160,0.66
2161,0.66
2162,0.66
2163,1
2164,0.66
2165,0.66
2166,1
2167,1
2168,1
2169,1
2170,0.66
2171,0.66
2172,1
2173,0.66
2174,0.66
2175,0.66
2176,1
2177,1
2178,1
2179,0.66
2180,1
2181,1
2182,0.66
2183,1
2184,0.66
2185,0.66
2186,0.66
2187,0.66
2188,1
2189,0.66
2190,1
2191,0.66
2192,0.66
2193,1
2194,0.66
2195,0.66
2196,1
2197,0.66
2198,0.66
2199,1
2200,0.66
2201,1
2202,0.66
2203,0.66
2204,0.66
2205,0.66
2206,0.66
2207,1
2208,1
2209,0.66
2210,1
2211,0.66
2212,0.66
2213,0.66
2214,0.66
2215,1
2216,0.66
2217,0.66
2218,0.66
2219,1
2220,1
2221,1
2222,1
2223,1
2224,1
2225,0.66
2226,1
2227,0.66
2228,1
2229,1
2230,1
2231,0.66
2232,1
2233,0.66
2234,0.66
2235,1
2236,0.66
2237,0.66
2238,0.66
2239,1
2240,0.66
2241,0.66
2242,1
2243,0.66
2244,1
2245,1
2246,1
2247,1
2248,1
2249,0.66
2250,0.66
2251,0.66
2252,0.66
2253,1
2254,0.66
2255,0.66
2256,0.66
2257,1
2258,1
2259,1
2260,0.66
2261,1
2262,0.66
2263,1
2264,1
2265,1
2266,0.66
2267,0.66
2268,1
2269,0.66
2270,0.66
2271,1
2272,0.66
2273,1
2274,1
2275,1
2276,0.66
2277,1
2278,1
2279,1
2280,0.66
2281,0.66
2282,0.66
2283,1
2284,0.66
2285,0.66
2286,0.66
2287,1
2288,0.66
2289,0.66
2290,1
2291,1
2292,1
2293,0.66
2294,1
2295,1
2296,1
2297,1
2298,0.66
2299,1
2300,0.66
2301,1
2302,0.66
2303,0.66
2304,1
2305,1
2306,0.66
2307,1
2308,0.66
2309,1
2310,1
2311,0.66
2312,0.66
2313,0.66
2314,1
2315,1
2316,0.66
2317,0.66
2318,1
2319,1
2320,0.66
2321,0.66
2322,0.66
2323,0.66
2324,1
2325,0.66
2326,0.66
2327,0.66
2328,0.66
2329,0.66
2330,0.66
2331,1
2332,0.66
2333,1
2334,0.66
2335,1
2336,0.66
2337,1
2338,0.66
2339,0.66
2340,1
2341,0.66
2342,0.66
2343,0.66
2344,0.66
2345,0.66
2346,0.66
2347,1
2348,1
2349,1
2350,1
2351,1
2352,1
2353,0.66
2354,1
2355,1
2356,0.66
2357,0.66
2358,1
2359,1
2360,0.66
2361,0.66
2362,1
2363,0.66
2364,0.66
2365,0.66
2366,1
2367,1
2368,0.66
2369,0.66
2370,0.66
2371,0.66
2372,1
2373,1
2374,1
2375,1
2376,0.66
2377,0.66
2378,0.66
2379,0.66
2380,1
2381,1
2382,1
2383,1
2384,0.66
2385,0.66
2386,0.66
2387,1
2388,1
2389,0.66
2390,0.66
2391,1
2392,1
2393,0.66
2394,0.66
2395,0.66
2396,0.66
2397,1
2398,0.66
2399,1
2400,0.66
2401,0.66
2402,1
2403,1
2404,1
2405,1
2406,1
2407,0.66
2408,0.66
2409,0.66
2410,1
2411,0.66
2412,1
2413,1
2414,0.66
2415,0.66
2416,1
2417,0.66
2418,1
2419,1
2420,0.66
2421,1
2422,0.66
2423,0.66
2424,0.66
2425,0.66
2426,0.66
2427,0.66
2428,0.66
2429,0.66
2430,1
2431,1
2432,1
2433,0.66
2434,0.66
2435,0.66
2436,1
2437,0.66
2438,0.66
2439,1
2440,1
2441,0.66
2442,0.66
2443,1
2444,0.66
2445,0.66
2446,0.66
2447,0.66
2448,1
2449,1
2450,0.66
2451,0.66
2452,0.66
2453,0.66
2454,0.66
2455,1
2456,1
2457,1
2458,0.66
2459,1
2460,0.66
2461,1
2462,0.66
2463,0.66
2464,0.66
2465,0.66
2466,0.66
2467,0.66
2468,0.66
2469,0.66
2470,0.66
2471,1
2472,0.66
2473,0.66
2474,0.66
2475,1
2476,1
2477,0.66
2478,0.66
2479,1
2480,1
2481,1
2482,0.66
2483,1
2484,1
2485,1
2486,1
2487,0.66
2488,1
2489,1
2490,0.66
2491,1
2492,1
2493,0.66
2494,1
2495,1
2496,0.66
2497,0.66
2498,1
2499,1
2500,1
2501,0.66
2502,1
2503,1
2504,0.66
2505,0.66
2506,1
2507,0.66
2508,0.66
2509,1
2510,0.66
2511,1
2512,1
2513,1
2514,0.66
2515,1
2516,0.66
2517,1
2518,0.66
2519,0.66
2520,1
2521,1
2522,0.66
2523,1
2524,1
2525,0.66
2526,1
2527,1
2528,1
2529,1
2530,1
2531,1
2532,0.66
2533,0.66
2534,1
2535,1
2536,1
2537,1
2538,0.66
2539,1
2540,1
2541,1
2542,1
2543,1
2544,1
2545,1
2546,1
2547,1
2548,0.66
2549,0.66
2550,1
2551,1
2552,1
2553,1
2554,1
2555,1
2556,0.66
2557,0.66
2558,0.66
2559,0.66
2560,1
2561,1
2562,0.66
2563,0.66
2564,0.66
2565,0.66
2566,1
2567,0.66
2568,1
2569,1
2570,1
2571,1
2572,1
2573,1
2574,0.66
2575,1
2576,0.66
2577,0.66
2578,0.66
2579,1
2580,0.66
2581,0.66
2582,0.66
2583,1
2584,0.66
2585,0.66
2586,1
2587,1
2588,0.66
2589,0.66
2590,1
2591,0.66
2592,0.66
2593,0.66
2594,0.66
2595,1
2596,0.66
2597,0.66
2598,1
2599,1
2600,0.66
2601,0.66
2602,0.66
2603,0.66
2604,1
2605,1
2606,1
2607,1
2608,1
2609,1
2610,1
2611,0.66
2612,0.66
2613,0.66
2614,0.66
2615,0.66
2616,0.66
2617,1
2618,0.66
2619,1
2620,0.66
2621,1
2622,0.66
2623,1
2624,1
2625,0.66
2626,0.66
2627,1
2628,0.66
2629,0.66
2630,1
2631,0.66
2632,1
2633,0.66
2634,1
2635,0.66
2636,0.66
2637,0.66
2638,1
2639,0.66
2640,1
2641,0.66
2642,1
2643,1
2644,0.66
2645,0.66
2646,1
2647,1
2648,1
2649,0.66
2650,0.66
2651,0.66
2652,0.66
2653,1
2654,1
2655,0.66
2656,1
2657,1
2658,0.66
2659,1
2660,0.66
2661,1
2662,0.66
2663,1
2664,1
2665,1
2666,1
2667,1
2668,1
2669,1
2670,0.66
2671,1
2672,0.66
2673,1
2674,0.66
2675,1
2676,0.66
2677,1
2678,0.66
2679,0.66
2680,0.66
2681,0.66
2682,1
2683,0.66
2684,1
2685,0.66
2686,0.66
2687,1
2688,1
2689,1
2690,0.66
2691,1
2692,1
2693,0.66
2694,1
2695,0.66
2696,0.66
2697,0.66
2698,0.66
2699,0.66
2700,1
2701,1
2702,1
2703,0.66
2704,0.66
2705,0.66
2706,0.66
2707,0.66
2708,0.66
2709,1
2710,1
2711,0.66
2712,0.66
2713,1
2714,1
2715,0.66
2716,1
2717,0.66
2718,0.66
2719,0.66
2720,1
2721,0.66
2722,0.66
2723,0.66
2724,1
2725,1
2726,0.66
2727,1
2728,0.66
2729,0.66
2730,0.66
2731,0.66
2732,1
2733,1
2734,0.66
2735,0.66
2736,0.66
2737,0.66
2738,1
2739,1
2740,1
2741,1
2742,1
2743,1
2744,1
2745,0.66
2746,1
2747,0.66
2748,1
2749,0.66
2750,1
2751,0.66
2752,1
2753,1
2754,0.66
2755,0.66
2756,0.66
2757,1
2758,0.66
2759,1
2760,0.66
2761,0.66
2762,0.66
2763,1
2764,1
2765,0.66
2766,0.66
2767,0.66
2768,1
2769,0.66
2770,0.66
2771,1
2772,1
2773,0.66
2774,1
2775,1
2776,1
2777,1
2778,0.66
2779,1
2780,0.66
2781,1
2782,1
2783,1
2784,1
2785,0.66
2786,1
2787,1
2788,0.66
2789,1
2790,0.66
2791,1
2792,1
2793,0.66
2794,0.66
2795,0.66
2796,0.66
2797,0.66
2798,0.66
2799,0.66
2800,1
2801,1
2802,1
2803,0.66
2804,0.66
2805,0.66
2806,1
2807,0.66
2808,1
2809,0.66
2810,0.66
2811,0.66
2812,1
2813,1
2814,1
2815,0.66
2816,1
2817,0.66
2818,1
2819,0.66
2820,1
2821,0.66
2822,0.66
2823,1
2824,1
2825,0.66
2826,0.66
2827,0.66
2828,1
2829,1
2830,0.66
2831,0.66
2832,0.66
2833,0.66
2834,1
2835,1
2836,0.66
2837,1
2838,0.66
2839,0.66
2840,1
2841,1
2842,0.66
2843,1
2844,1
2845,1
2846,0.66
2847,0.66
2848,0.66
2849,1
2850,1
2851,1
2852,0.66
2853,1
2854,0.66
2855,0.66
2856,1
2857,1
2858,1
2859,0.66
2860,0.66
2861,1
2862,1
2863,0.66
2864,0.66
2865,0.66
2866,1
2867,0.66
2868,1
2869,0.66
2870,1
2871,1
2872,1
2873,0.66
2874,0.66
2875,0.66
2876,1
2877,1
2878,1
2879,1
2880,1
2881,0.66
2882,0.66
2883,1
2884,0.66
2885,0.66
2886,1
2887,0.66
2888,0.66
2889,0.66
2890,1
2891,0.66
2892,1
2893,1
2894,0.66
2895,0.66
2896,0.66
2897,1
2898,0.66
2899,0.66
2900,0.66
2901,0.66
2902,1
2903,1
2904,0.66
2905,0.66
2906,1
2907,1
2908,0.66
2909,1
2910,1
2911,1
2912,0.66
2913,0.66
2914,1
2915,1
2916,1
2917,1
2918,1
2919,1
2920,0.66
2921,1
2922,1
2923,0.66
2924,0.66
2925,0.66
2926,1
2927,1
2928,0.66
2929,0.66
2930,0.66
2931,1
2932,0.66
2933,1
2934,1
2935,1
2936,1
2937,0.66
2938,1
2939,1
2940,0.66
2941,1
2942,1
2943,0.66
2944,1
2945,1
2946,0.66
2947,1
2948,1
2949,1
2950,1
2951,0.66
2952,1
2953,1
2954,1
2955,0.66
2956,1
2957,1
2958,0.66
2959,0.66
2960,1
2961,1
2962,0.66
2963,1
2964,1
2965,0.66
2966,1
2967,0.66
2968,0.66
2969,1
2970,0.66
2971,1
2972,1
2973,0.66
2974,1
2975,0.66
2976,1
2977,0.66
2978,0.66
2979,0.66
2980,1
2981,1
2982,1
2983,1
2984,0.66
2985,1
2986,1
2987,1
2988,0.66
2989,1
2990,1
2991,1
2992,0.66
2993,1
2994,0.66
2995,1
2996,1
2997,0.66
2998,0.66
2999,1
3000,1
3001,0.66
3002,1
3003,1
3004,1
3005,0.66
3006,0.66
3007,0.66
3008,0.66
3009,1
3010,1
3011,0.66
3012,1
3013,0.66
3014,1
3015,0.66
3016,0.66
3017,0.66
3018,0.66
3019,0.66
3020,1
3021,0.66
3022,1
3023,0.66
3024,1
3025,1
3026,1
3027,1
3028,1
3029,1
3030,0.66
3031,1
3032,0.66
3033,1
3034,1
3035,0.66
3036,1
3037,0.66
3038,1
3039,0.66
3040,0.66
3041,0.66
3042,1
3043,0.66
3044,1
3045,1
3046,0.66
3047,1
3048,1
3049,1
3050,0.66
3051,1
3052,1
3053,0.66
3054,1
3055,1
3056,0.66
3057,1
3058,0.66
3059,0.66
3060,0.66
3061,1
3062,1
3063,1
3064,0.66
3065,1
3066,0.66
3067,0.66
3068,0.66
3069,1
3070,1
3071,0.66
3072,1
3073,0.66
3074,1
3075,1
3076,0.66
3077,0.66
3078,0.66
3079,0.66
3080,0.66
3081,1
3082,0.66
3083,0.66
3084,1
3085,0.66
3086,1
3087,1
3088,0.66
3089,0.66
3090,1
3091,1
3092,0.66
3093,0.66
3094,1
3095,1
3096,0.66
3097,0.66
3098,0.66
3099,1
3100,0.66
3101,1
3102,1
3103,1
3104,1
3105,1
3106,0.66
3107,0.66
3108,1
3109,1
3110,0.66
3111,0.66
3112,1
3113,1
3114,0.66
3115,1
3116,0.66
3117,1
3118,0.66
3119,0.66
3120,0.66
3121,0.66
3122,0.66
3123,1
3124,1
3125,0.66
3126,1
3127,1
3128,1
3129,1
3130,1
3131,0.66
3132,0.66
3133,1
3134,0.66
3135,0.66
3136,1
3137,0.66
3138,1
3139,1
3140,0.66
3141,1
3142,1
3143,0.66
3144,0.66
3145,0.66
3146,0.66
3147,0.66
3148,0.66
3149,0.66
3150,0.66
3151,0.66
3152,0.66
3153,0.66
3154,0.66
3155,1
3156,0.66
3157,1
3158,0.66
3159,0.66
3160,0.66
3161,1
3162,0.66
3163,0.66
3164,0.66
3165,0.66
3166,1
3167,1
3168,1
3169,1
3170,1
3171,0.66
3172,0.66
3173,1
3174,1
3175,0.66
3176,1
3177,1
3178,0.66
3179,0.66
3180,1
3181,0.66
3182,1
3183,1
3184,1
3185,1
3186,1
3187,0.66
3188,0.66
3189,0.66
3190,0.66
3191,1
3192,0.66
3193,1
3194,0.66
3195,0.66
3196,1
3197,0.66
3198,1
3199,1
3200,0.66
3201,0.66
3202,0.66
3203,0.66
3204,1
3205,0.66
3206,1
3207,0.66
3208,0.66
3209,1
3210,0.66
3211,0.66
3212,1
3213,1
3214,0.66
3215,0.66
3216,1
3217,1
3218,0.66
3219,0.66
3220,1
3221,0.66
3222,1
3223,1
3224,1
3225,0.66
3226,0.66
3227,0.66
3228,1
3229,0.66
3230,0.66
3231,1
3232,0.66
3233,0.66
3234,1
3235,0.66
3236,1
3237,0.66
3238,0.66
3239,1
3240,0.66
3241,1
3242,1
3243,0.66
3244,1
3245,1
3246,0.66
3247,0.66
3248,1
3249,0.66
3250,1
3251,1
3252,1
3253,0.66
3254,1
3255,1
3256,1
3257,0.66
3258,0.66
3259,1
3260,1
3261,0.66
3262,0.66
3263,0.66
3264,0.66
3265,0.66
3266,1
3267,0.66
3268,0.66
3269,1
3270,1
3271,0.66
3272,0.66
3273,1
3274,0.66
3275,1
3276,1
3277,1
3278,0.66
3279,1
3280,1
3281,0.66
3282,1
3283,1
3284,1
3285,1
3286,0.66
3287,0.66
3288,1
3289,0.66
3290,0.66
3291,0.66
3292,0.66
3293,1
3294,0.66
3295,1
3296,0.66
3297,1
3298,1
3299,1
3300,1
3301,0.66
3302,1
3303,0.66
3304,0.66
3305,0.66
3306,0.66
3307,0.66
3308,0.66
3309,0.66
3310,1
3311,1
3312,1
3313,1
3314,1
3315,0.66
3316,0.66
3317,0.66
3318,0.66
3319,0.66
3320,0.66
3321,0.66
3322,0.66
3323,1
3324,1
3325,0.66
3326,0.66
3327,1
3328,0.66
3329,0.66
3330,0.66
3331,1
3332,0.66
3333,1
3334,1
3335,0.66
3336,1
3337,1
3338,1
3339,0.66
3340,0.66
3341,0.66
3342,0.66
3343,1
3344,1
3345,1
3346,0.66
3347,0.66
3348,0.66
3349,0.66
3350,0.66
3351,1
3352,0.66
3353,0.66
3354,1
3355,0.66
3356,0.66
3357,1
3358,1
3359,0.66
3360,1
3361,0.66
3362,0.66
3363,1
3364,1
3365,1
3366,1
3367,1
3368,0.66
3369,0.66
3370,1
3371,1
3372,0.66
3373,1
3374,1
3375,0.66
3376,1
3377,0.66
3378,0.66
3379,0.66
3380,0.66
3381,1
3382,1
3383,0.66
3384,1
3385,1
3386,0.66
3387,0.66
3388,0.66
3389,1
3390,1
3391,0.66
3392,1
3393,1
3394,0.66
3395,1
3396,0.66
3397,0.66
3398,0.66
3399,0.66
3400,0.66
3401,1
3402,0.66
3403,1
3404,1
3405,0.66
3406,1
3407,1
3408,0.66
3409,0.66
3410,0.66
3411,1
3412,1
3413,1
3414,0.66
3415,0.66
3416,0.66
3417,1
3418,0.66
3419,0.66
3420,1
3421,0.66
3422,1
3423,1
3424,1
3425,1
3426,1
3427,0.66
3428,0.66
3429,1
3430,1
3431,0.66
3432,1
3433,0.66
3434,0.66
3435,1
3436,1
3437,1
3438,1
3439,0.66
3440,0.66
3441,0.66
3442,0.66
3443,1
3444,1
3445,0.66
3446,1
3447,0.66
3448,1
3449,1
3450,0.66
3451,0.66
3452,1
3453,1
3454,0.66
3455,0.66
3456,0.66
3457,0.66
3458,1
3459,1
3460,1
3461,1
3462,1
3463,1
3464,1
3465,1
3466,1
3467,0.66
3468,0.66
3469,0.66
3470,0.66
3471,1
3472,1
3473,1
3474,0.66
3475,0.66
3476,0.66
3477,1
3478,1
3479,0.66
3480,1
3481,0.66
3482,0.66
3483,0.66
3484,1
3485,0.66
3486,1
3487,0.66
3488,1
3489,1
3490,1
3491,0.66
3492,0.66
3493,0.66
3494,1
3495,1
3496,1
3497,0.66
3498,0.66
3499,0.66
3500,1
3501,0.66
3502,0.66
3503,1
3504,0.66
3505,0.66
3506,0.66
3507,0.66
3508,1
3509,0.66
3510,1
3511,1
3512,1
3513,0.66
3514,1
3515,1
3516,1
3517,0.66
3518,1
3519,0.66
3520,0.66
3521,0.66
3522,0.66
3523,0.66
3524,0.66
3525,0.66
3526,1
3527,1
3528,1
3529,0.66
3530,0.66
3531,0.66
3532,0.66
3533,0.66
3534,1
3535,0.66
3536,0.66
3537,0.66
3538,0.66
3539,0.66
3540,0.66
3541,0.66
3542,0.66
3543,1
3544,1
3545,0.66
3546,0.66
3547,0.66
3548,0.66
3549,1
3550,1
3551,1
3552,1
3553,0.66
3554,1
3555,1
3556,1
3557,1
3558,0.66
3559,0.66
3560,0.66
3561,0.66
3562,0.66
3563,1
3564,0.66
3565,1
3566,0.66
3567,0.66
3568,0.66
3569,1
3570,0.66
3571,0.66
3572,0.66
3573,0.66
3574,1
3575,1
3576,0.66
3577,0.66
3578,1
3579,0.66
3580,0.66
3581,0.66
3582,0.66
3583,1
3584,1
3585,1
3586,0.66
3587,1
3588,0.66
3589,0.66
3590,1
3591,0.66
3592,0.66
3593,0.66
3594,1
3595,1
3596,0.66
3597,0.66
3598,1
3599,0.66
3600,0.66
3601,0.66
3602,1
3603,1
3604,1
3605,1
3606,0.66
3607,1
3608,0.66
3609,0.66
3610,0.66
3611,0.66
3612,1
3613,1
3614,1
3615,1
3616,0.66
3617,0.66
3618,0.66
3619,1
3620,1
3621,0.66
3622,0.66
3623,1
3624,1
3625,0.66
3626,0.66
3627,1
3628,0.66
3629,1
3630,0.66
3631,0.66
3632,0.66
3633,0.66
3634,1
3635,1
3636,1
3637,0.66
3638,1
3639,0.66
3640,0.66
3641,1
3642,1
3643,0.66
3644,1
3645,1
3646,1
3647,1
3648,0.66
3649,1
3650,1
3651,0.66
3652,1
3653,1
3654,1
3655,1
3656,1
3657,1
3658,0.66
3659,1
3660,0.66
3661,0.66
3662,0.66
3663,1
3664,0.66
3665,0.66
3666,0.66
3667,0.66
3668,1
3669,1
3670,1
3671,1
3672,1
3673,1
3674,0.66
3675,1
3676,1
3677,1
3678,1
3679,0.66
3680,0.66
3681,1
3682,0.66
3683,0.66
3684,1
3685,0.66
3686,0.66
3687,0.66
3688,0.66
3689,1
3690,1
3691,0.66
3692,1
3693,1
3694,0.66
3695,1
3696,0.66
3697,0.66
3698,0.66
3699,0.66
3700,1
3701,1
3702,0.66
3703,1
3704,1
3705,0.66
3706,0.66
3707,1
3708,0.66
3709,1
3710,0.66
3711,0.66
3712,1
3713,1
3714,1
3715,0.66
3716,1
3717,1
3718,0.66
3719,1
3720,1
3721,0.66
3722,1
3723,0.66
3724,0.66
3725,0.66
3726,1
3727,0.66
3728,1
3729,0.66
3730,1
3731,0.66
3732,1
3733,1
3734,0.66
3735,0.66
3736,1
3737,0.66
3738,1
3739,1
3740,1
3741,0.66
3742,0.66
3743,1
3744,0.66
3745,0.66
3746,0.66
3747,0.66
3748,1
3749,0.66
3750,1
3751,0.66
3752,1
3753,0.66
3754,1
3755,1
3756,0.66
3757,0.66
3758,0.66
3759,0.66
3760,1
3761,1
3762,0.66
3763,0.66
3764,1
3765,0.66
3766,1
3767,1
3768,0.66
3769,1
3770,1
3771,1
3772,1
3773,0.66
3774,1
3775,1
3776,1
3777,1
3778,0.66
3779,0.66
3780,0.66
3781,1
3782,1
3783,1
3784,1
3785,0.66
3786,1
3787,0.66
3788,1
3789,0.66
3790,0.66
3791,0.66
3792,0.66
3793,0.66
3794,0.66
3795,1
3796,0.66
3797,1
3798,1
3799,0.66
3800,1
3801,0.66
3802,1
3803,1
3804,1
3805,0.66
3806,0.66
3807,1
3808,0.66
3809,0.66
3810,0.66
3811,0.66
3812,0.66
3813,1
3814,1
3815,0.66
3816,1
3817,0.66
3818,1
3819,0.66
3820,1
3821,0.66
3822,0.66
3823,0.66
3824,0.66
3825,0.66
3826,1
3827,1
3828,1
3829,1
3830,1
3831,1
3832,0.66
3833,1
3834,1
3835,0.66
3836,0.66
3837,0.66
3838,0.66
3839,0.66
3840,0.66
3841,1
3842,0.66
3843,1
3844,1
3845,1
3846,0.66
3847,0.66
3848,0.66
3849,0.66
3850,1
3851,0.66
3852,1
3853,0.66
3854,1
3855,1
3856,0.66
3857,0.66
3858,1
3859,0.66
3860,1
3861,0.66
3862,0.66
3863,0.66
3864,1
3865,1
3866,1
3867,0.66
3868,1
3869,0.66
3870,0.66
3871,1
3872,1
3873,1
3874,1
3875,1
3876,1
3877,0.66
3878,1
3879,0.66
3880,0.66
3881,1
3882,1
3883,1
3884,1
3885,0.66
3886,0.66
3887,0.66
3888,0.66
3889,1
3890,0.66
3891,1
3892,0.66
3893,0.66
3894,1
3895,0.66
3896,1
3897,0.66
3898,0.66
3899,0.66
3900,0.66
3901,1
3902,0.66
3903,0.66
3904,0.66
3905,1
3906,1
3907,0.66
3908,1
3909,0.66
3910,1
3911,0.66
3912,0.66
3913,1
3914,1
3915,1
3916,1
3917,1
3918,1
3919,1
3920,0.66
3921,0.66
3922,0.66
3923,0.66
3924,1
3925,1
3926,1
3927,0.66
3928,1
3929,0.66
3930,0.66
3931,1
3932,1
3933,1
3934,1
3935,1
3936,1
3937,0.66
3938,1
3939,1
3940,1
3941,1
3942,1
3943,0.66
3944,0.66
3945,0.66
3946,0.66
3947,0.66
3948,0.66
3949,0.66
3950,0.66
3951,0.66
3952,1
3953,1
3954,1
3955,0.66
3956,0.66
3957,1
3958,1
3959,1
3960,1
3961,0.66
3962,1
3963,1
3964,1
3965,0.66
3966,0.66
3967,0.66
3968,1
3969,0.66
3970,1
3971,1
3972,0.66
3973,0.66
3974,1
3975,1
3976,1
3977,1
3978,0.66
3979,1
3980,0.66
3981,1
3982,0.66
3983,1
3984,0.66
3985,1
3986,0.66
3987,0.66
3988,0.66
3989,1
3990,1
3991,0.66
3992,0.66
3993,1
3994,0.66
3995,1
3996,0.66
3997,0.66
3998,1
3999,0.66
4000,1
4001,0.66
4002,0.66
4003,1
4004,0.66
4005,1
4006,1
4007,1
4008,1
4009,0.66
4010,0.66
4011,1
4012,0.66
4013,0.66
4014,1
4015,1
4016,0.66
4017,0.66
4018,0.66
4019,0.66
4020,1
4021,0.66
4022,1
4023,1
4024,1
4025,1
4026,1
4027,0.66
4028,0.66
4029,0.66
4030,1
4031,1
4032,1
4033,1
4034,0.66
4035,1
4036,0.66
4037,1
4038,0.66
4039,0.66
4040,1
4041,0.66
4042,1
4043,0.66
4044,1
4045,1
4046,0.66
4047,0.66
4048,0.66
4049,0.66
4050,0.66
4051,0.66
4052,0.66
4053,0.66
4054,0.66
4055,0.66
4056,1
4057,0.66
4058,0.66
4059,0.66
4060,1
4061,0.66
4062,1
4063,1
4064,1
4065,0.66
4066,1
4067,0.66
4068,1
4069,0.66
4070,1
4071,0.66
4072,1
4073,1
4074,0.66
4075,1
4076,1
4077,1
4078,1
4079,1
4080,1
4081,0.66
4082,0.66
4083,1
4084,1
4085,0.66
4086,1
4087,0.66
4088,0.66
4089,0.66
4090,0.66
4091,1
4092,0.66
4093,1
4094,1
4095,0.66
4096,0.66
4097,1
4098,1
4099,0.66
4100,1
4101,0.66
4102,0.66
4103,1
4104,1
4105,0.66
4106,1
4107,1
4108,1
4109,0.66
4110,1
4111,1
4112,1
4113,0.66
4114,0.66
4115,1
4116,1
4117,1
4118,1
4119,1
4120,1
4121,1
4122,1
4123,1
4124,0.66
4125,0.66
4126,0.66
4127,1
4128,1
4129,1
4130,0.66
4131,0.66
4132,1
4133,0.66
4134,1
4135,0.66
4136,1
4137,0.66
4138,1
4139,0.66
4140,1
4141,1
4142,1
4143,1
4144,1
4145,0.66
4146,1
4147,0.66
4148,0.66
4149,0.66
4150,1
4151,0.66
4152,0.66
4153,1
4154,1
4155,1
4156,1
4157,0.66
4158,0.66
4159,0.66
4160,0.66
4161,0.66
4162,1
4163,0.66
4164,0.66
4165,1
4166,0.66
4167,1
4168,0.66
4169,0.66
4170,1
4171,0.66
4172,1
4173,0.66
4174,1
4175,0.66
4176,1
4177,1
4178,0.66
4179,1
4180,0.66
4181,1
4182,1
4183,1
4184,1
4185,0.66
4186,1
4187,1
4188,0.66
4189,0.66
4190,1
4191,1
4192,0.66
4193,0.66
4194,1
4195,1
4196,0.66
4197,0.66
4198,1
4199,1
4200,0.66
4201,0.66
4202,0.66
4203,0.66
4204,1
4205,1
4206,0.66
4207,1
4208,1
4209,1
4210,1
4211,1
4212,1
4213,1
4214,0.66
4215,0.66
4216,0.66
4217,0.66
4218,0.66
4219,0.66
4220,1
4221,0.66
4222,1
4223,1
4224,1
4225,0.66
4226,1
4227,0.66
4228,1
4229,0.66
4230,0.66
4231,0.66
4232,1
4233,1
4234,0.66
4235,0.66
4236,0.66
4237,0.66
4238,1
4239,0.66
4240,1
4241,1
4242,1
4243,1
4244,1
4245,1
4246,1
4247,1
4248,1
4249,0.66
4250,1
4251,0.66
4252,0.66
4253,0.66
4254,1
4255,0.66
4256,0.66
4257,1
4258,0.66
4259,0.66
4260,0.66
4261,1
4262,1
4263,1
4264,0.66
4265,0.66
4266,1
4267,0.66
4268,1
4269,1
4270,1
4271,1
4272,1
4273,0.66
4274,1
4275,1
4276,1
4277,1
4278,0.66
4279,0.66
4280,0.66
4281,0.66
4282,1
4283,1
4284,1
4285,1
4286,1
4287,0.66
4288,1
4289,1
4290,1
4291,0.66
4292,0.66
4293,0.66
4294,1
4295,1
4296,1
4297,0.66
4298,0.66
4299,0.66
4300,0.66
4301,0.66
4302,1
4303,1
4304,1
4305,1
4306,0.66
4307,0.66
4308,0.66
4309,0.66
4310,1
4311,1
4312,1
4313,0.66
4314,1
4315,0.66
4316,1
4317,1
4318,0.66
4319,1
4320,1
4321,0.66
4322,0.66
4323,1
4324,1
4325,1
4326,0.66
4327,1
4328,1
4329,1
4330,0.66
4331,1
4332,1
4333,1
4334,0.66
4335,1
4336,1
4337,1
4338,1
4339,1
4340,1
4341,1
4342,1
4343,0.66
4344,1
4345,0.66
4346,1
4347,0.66
4348,1
4349,0.66
4350,0.66
4351,1
4352,0.66
4353,0.66
4354,0.66
4355,0.66
4356,0.66
4357,0.66
4358,0.66
4359,1
4360,0.66
4361,0.66
4362,1
4363,1
4364,1
4365,1
4366,1
4367,0.66
4368,1
4369,1
4370,0.66
4371,0.66
4372,0.66
4373,1
4374,1
4375,1
4376,0.66
4377,1
4378,0.66
4379,1
4380,1
4381,1
4382,1
4383,0.66
4384,1
4385,1
4386,0.66
4387,0.66
4388,0.66
4389,1
4390,1
4391,0.66
4392,1
4393,1
4394,0.66
4395,0.66
4396,0.66
4397,1
4398,1
4399,1
4400,1
4401,1
4402,1
4403,0.66
4404,1
4405,0.66
4406,0.66
4407,0.66
4408,1
4409,1
4410,1
4411,1
4412,1
4413,1
4414,1
4415,1
4416,1
4417,1
4418,1
4419,1
4420,1
4421,0.66
4422,1
4423,1
4424,1
4425,1
4426,1
4427,1
4428,0.66
4429,1
4430,0.66
4431,0.66
4432,0.66
4433,1
4434,1
4435,1
4436,0.66
4437,0.66
4438,0.66
4439,1
4440,1
4441,1
4442,1
4443,1
4444,0.66
4445,0.66
4446,0.66
4447,0.66
4448,1
4449,1
4450,1
4451,1
4452,1
4453,1
4454,1
4455,1
4456,1
4457,0.66
4458,1
4459,1
4460,0.66
4461,1
4462,0.66
4463,0.66
4464,0.66
4465,1
4466,0.66
4467,1
4468,1
4469,1
4470,1
4471,1
4472,0.66
4473,1
4474,1
4475,1
4476,1
4477,0.66
4478,0.66
4479,1
4480,1
4481,1
4482,1
4483,1
4484,0.66
4485,0.66
4486,0.66
4487,1
4488,1
4489,1
4490,1
4491,1
4492,1
4493,0.66
4494,0.66
4495,1
4496,1
4497,0.66
4498,0.66
4499,1
4500,0.66
4501,1
4502,1
4503,1
4504,0.66
4505,1
4506,0.66
4507,0.66
4508,1
4509,0.66
4510,0.66
4511,0.66
4512,1
4513,1
4514,1
4515,0.66
4516,1
4517,0.66
4518,0.66
4519,1
4520,0.66
4521,0.66
4522,0.66
4523,1
4524,1
4525,1
4526,1
4527,1
4528,1
4529,1
4530,1
4531,1
4532,0.66
4533,1
4534,0.66
4535,1
4536,1
4537,1
4538,0.66
4539,1
4540,0.66
4541,0.66
4542,1
4543,0.66
4544,1
4545,1
4546,0.66
4547,1
4548,1
4549,1
4550,0.66
4551,1
4552,1
4553,0.66
4554,0.66
4555,0.66
4556,0.66
4557,0.66
4558,0.66
4559,0.66
4560,0.66
