mean_fit_time,mean_score_time,mean_test_score,mean_train_score,param_activation1,param_activation2,param_batch_size,param_epochs,param_neurons,param_optimizer,params,rank_test_score,split0_test_score,split0_train_score,split1_test_score,split1_train_score,split2_test_score,split2_train_score,std_fit_time,std_score_time,std_test_score,std_train_score
1.8600262800852458,0.038263161977132164,0.9248901318417898,0.999800279608548,relu,sigmoid,16,16,16,Adam,"{'activation1': 'relu', 'activation2': 'sigmoid', 'batch_size': 16, 'epochs': 16, 'neurons': 16, 'optimizer': 'Adam'}",67,0.874251497005988,1.0,0.9580335731414868,1.0,0.9424460431654677,0.9994008388256441,0.11059500423481454,0.006159588191908621,0.036388899476175456,0.0002824472862738243
2.020720958709717,0.06393591562906902,0.931282461046744,1.0,relu,sigmoid,16,16,32,Adam,"{'activation1': 'relu', 'activation2': 'sigmoid', 'batch_size': 16, 'epochs': 16, 'neurons': 32, 'optimizer': 'Adam'}",24,0.8874251497005988,1.0,0.960431654676259,1.0,0.9460431654676259,1.0,0.0582757871351816,0.006741058644389478,0.03158126058132724,0.0
2.4047012329101562,0.0924844741821289,0.9328805433479824,1.0,relu,sigmoid,16,16,64,Adam,"{'activation1': 'relu', 'activation2': 'sigmoid', 'batch_size': 16, 'epochs': 16, 'neurons': 64, 'optimizer': 'Adam'}",15,0.8922155688622755,1.0,0.9664268585131894,1.0,0.9400479616306955,1.0,0.03068039203482067,0.006799232960572891,0.03072034339948972,0.0
4.109163920084636,0.12777217229207358,0.931282461046744,1.0,relu,sigmoid,16,16,128,Adam,"{'activation1': 'relu', 'activation2': 'sigmoid', 'batch_size': 16, 'epochs': 16, 'neurons': 128, 'optimizer': 'Adam'}",24,0.8838323353293414,1.0,0.9616306954436451,1.0,0.9484412470023981,1.0,0.10671720452441505,0.007684878739431395,0.03400130956676414,0.0
8.984694004058838,0.15359107653299967,0.9348781462245306,1.0,relu,sigmoid,16,16,256,Adam,"{'activation1': 'relu', 'activation2': 'sigmoid', 'batch_size': 16, 'epochs': 16, 'neurons': 256, 'optimizer': 'Adam'}",4,0.8862275449101796,1.0,0.9652278177458034,1.0,0.9532374100719424,1.0,0.23326068959529045,0.008516000477175406,0.034767967590793564,0.0
3.5902163982391357,0.17552407582600912,0.9304834198961246,0.9996005592170961,relu,sigmoid,16,32,16,Adam,"{'activation1': 'relu', 'activation2': 'sigmoid', 'batch_size': 16, 'epochs': 32, 'neurons': 16, 'optimizer': 'Adam'}",33,0.8826347305389222,1.0,0.9628297362110312,0.9988016776512882,0.9460431654676259,1.0,0.11211379467179244,0.01275143295405148,0.03454080484833828,0.0005648945725476486
4.0735578536987305,0.21003961563110352,0.9276867758689572,1.0,relu,sigmoid,16,32,32,Adam,"{'activation1': 'relu', 'activation2': 'sigmoid', 'batch_size': 16, 'epochs': 32, 'neurons': 32, 'optimizer': 'Adam'}",51,0.8874251497005988,1.0,0.9592326139088729,1.0,0.9364508393285371,1.0,0.06212393674416953,0.010193701963208096,0.029965614886961117,0.0
5.326202233632405,0.2472702662150065,0.9292848581701958,1.0,relu,sigmoid,16,32,64,Adam,"{'activation1': 'relu', 'activation2': 'sigmoid', 'batch_size': 16, 'epochs': 32, 'neurons': 64, 'optimizer': 'Adam'}",42,0.8838323353293414,1.0,0.960431654676259,1.0,0.9436450839328537,1.0,0.3832919440388182,0.012520816189997204,0.032880853811151675,0.0
8.622200965881348,0.28437598546346027,0.9336795844986017,1.0,relu,sigmoid,16,32,128,Adam,"{'activation1': 'relu', 'activation2': 'sigmoid', 'batch_size': 16, 'epochs': 32, 'neurons': 128, 'optimizer': 'Adam'}",10,0.8934131736526946,1.0,0.9616306954436451,1.0,0.9460431654676259,1.0,0.09203323867163159,0.009124899666768037,0.029191488091614957,0.0
16.98093064626058,0.2995491822560628,0.9316819816220535,1.0,relu,sigmoid,16,32,256,Adam,"{'activation1': 'relu', 'activation2': 'sigmoid', 'batch_size': 16, 'epochs': 32, 'neurons': 256, 'optimizer': 'Adam'}",23,0.8862275449101796,1.0,0.9616306954436451,1.0,0.947242206235012,1.0,0.6382109433087071,0.0066196688035413875,0.03269224014759048,0.0
7.92758313814799,0.3319977919260661,0.9272872552936476,0.999800279608548,relu,sigmoid,16,64,16,Adam,"{'activation1': 'relu', 'activation2': 'sigmoid', 'batch_size': 16, 'epochs': 64, 'neurons': 16, 'optimizer': 'Adam'}",52,0.8838323353293414,1.0,0.9556354916067147,0.9994008388256441,0.9424460431654677,1.0,0.09160659500517651,0.0033805215623962256,0.031213444780745562,0.0002824472862738243
8.980163971583048,0.35431090990702313,0.930083899320815,1.0,relu,sigmoid,16,64,32,Adam,"{'activation1': 'relu', 'activation2': 'sigmoid', 'batch_size': 16, 'epochs': 64, 'neurons': 32, 'optimizer': 'Adam'}",37,0.8850299401197604,1.0,0.9652278177458034,1.0,0.9400479616306955,1.0,0.2432811772234519,0.0046982216003986655,0.033492912730147005,0.0
10.589081605275473,0.3858635425567627,0.9368757491010787,1.0,relu,sigmoid,16,64,64,Adam,"{'activation1': 'relu', 'activation2': 'sigmoid', 'batch_size': 16, 'epochs': 64, 'neurons': 64, 'optimizer': 'Adam'}",1,0.8946107784431138,1.0,0.9640287769784173,1.0,0.9520383693045563,1.0,0.08915315971275295,0.011310393837931783,0.030301598722089287,0.0
17.702078342437744,0.42749635378519696,0.931282461046744,1.0,relu,sigmoid,16,64,128,Adam,"{'activation1': 'relu', 'activation2': 'sigmoid', 'batch_size': 16, 'epochs': 64, 'neurons': 128, 'optimizer': 'Adam'}",24,0.8790419161676647,1.0,0.9640287769784173,1.0,0.9508393285371702,1.0,0.2840261235085907,0.008495505744794707,0.0373517791892355,0.0
38.69924147923788,0.475905179977417,0.9304834198961246,1.0,relu,sigmoid,16,64,256,Adam,"{'activation1': 'relu', 'activation2': 'sigmoid', 'batch_size': 16, 'epochs': 64, 'neurons': 256, 'optimizer': 'Adam'}",33,0.8838323353293414,1.0,0.960431654676259,1.0,0.947242206235012,1.0,0.644712816538615,0.025873889990657213,0.03344321462126446,0.0
17.434107700983684,0.4938608805338542,0.926887734718338,1.0,relu,sigmoid,16,128,16,Adam,"{'activation1': 'relu', 'activation2': 'sigmoid', 'batch_size': 16, 'epochs': 128, 'neurons': 16, 'optimizer': 'Adam'}",57,0.8850299401197604,1.0,0.9616306954436451,1.0,0.934052757793765,1.0,0.3214967015519774,0.03082654586688691,0.0316827138107952,0.0
19.697275320688885,0.501040538152059,0.931282461046744,1.0,relu,sigmoid,16,128,32,Adam,"{'activation1': 'relu', 'activation2': 'sigmoid', 'batch_size': 16, 'epochs': 128, 'neurons': 32, 'optimizer': 'Adam'}",24,0.8838323353293414,1.0,0.9592326139088729,1.0,0.9508393285371702,1.0,0.4463312995536123,0.008230890694717836,0.0337467562855383,0.0
23.053383191426594,0.533264954884847,0.9328805433479824,1.0,relu,sigmoid,16,128,64,Adam,"{'activation1': 'relu', 'activation2': 'sigmoid', 'batch_size': 16, 'epochs': 128, 'neurons': 64, 'optimizer': 'Adam'}",15,0.8850299401197604,1.0,0.9580335731414868,1.0,0.9556354916067147,1.0,0.8239875273399795,0.008269308275234012,0.033869911537179775,0.0
38.627423683802284,0.5771835645039877,0.9348781462245306,1.0,relu,sigmoid,16,128,128,Adam,"{'activation1': 'relu', 'activation2': 'sigmoid', 'batch_size': 16, 'epochs': 128, 'neurons': 128, 'optimizer': 'Adam'}",4,0.8862275449101796,1.0,0.9640287769784173,1.0,0.9544364508393285,1.0,0.6225147728847717,0.010642328388801064,0.034643741486230485,0.0
86.6807135740916,0.6112168629964193,0.9336795844986017,1.0,relu,sigmoid,16,128,256,Adam,"{'activation1': 'relu', 'activation2': 'sigmoid', 'batch_size': 16, 'epochs': 128, 'neurons': 256, 'optimizer': 'Adam'}",10,0.8850299401197604,1.0,0.9652278177458034,1.0,0.9508393285371702,1.0,1.3390509578433374,0.008859422755128719,0.03491853192219737,0.0
38.61540985107422,0.6419993241628011,0.9212944466640032,1.0,relu,sigmoid,16,256,16,Adam,"{'activation1': 'relu', 'activation2': 'sigmoid', 'batch_size': 16, 'epochs': 256, 'neurons': 16, 'optimizer': 'Adam'}",86,0.8910179640718563,1.0,0.9424460431654677,1.0,0.9304556354916067,1.0,0.5696953803475678,0.035431285786148695,0.021973491564332592,0.0
47.445602893829346,0.6964019139607748,0.9292848581701958,0.999800279608548,relu,sigmoid,16,256,32,Adam,"{'activation1': 'relu', 'activation2': 'sigmoid', 'batch_size': 16, 'epochs': 256, 'neurons': 32, 'optimizer': 'Adam'}",42,0.8922155688622755,1.0,0.9664268585131894,1.0,0.9292565947242206,0.9994008388256441,0.7429031440489524,0.05056379057744132,0.030299659162343544,0.0002824472862738243
53.180078744888306,0.6986737251281738,0.9292848581701958,1.0,relu,sigmoid,16,256,64,Adam,"{'activation1': 'relu', 'activation2': 'sigmoid', 'batch_size': 16, 'epochs': 256, 'neurons': 64, 'optimizer': 'Adam'}",42,0.8838323353293414,1.0,0.9580335731414868,1.0,0.9460431654676259,1.0,2.340188697974819,0.012797065351126662,0.03252931842821872,0.0
82.70821611086528,0.743473211924235,0.9336795844986017,1.0,relu,sigmoid,16,256,128,Adam,"{'activation1': 'relu', 'activation2': 'sigmoid', 'batch_size': 16, 'epochs': 256, 'neurons': 128, 'optimizer': 'Adam'}",10,0.8862275449101796,1.0,0.9652278177458034,1.0,0.9496402877697842,1.0,1.1382906283866112,0.006568540534527897,0.03417128869930115,0.0
169.51758337020874,0.7671875953674316,0.9340791050739113,1.0,relu,sigmoid,16,256,256,Adam,"{'activation1': 'relu', 'activation2': 'sigmoid', 'batch_size': 16, 'epochs': 256, 'neurons': 256, 'optimizer': 'Adam'}",7,0.8898203592814371,1.0,0.9688249400479616,1.0,0.9436450839328537,1.0,4.192488644665525,0.013366154651865582,0.03295787149275283,0.0
3.523005565007528,0.7607566515604655,0.9137035557331202,0.999800279608548,relu,sigmoid,32,16,16,Adam,"{'activation1': 'relu', 'activation2': 'sigmoid', 'batch_size': 32, 'epochs': 16, 'neurons': 16, 'optimizer': 'Adam'}",104,0.8706586826347306,1.0,0.9328537170263789,1.0,0.9376498800959233,0.9994008388256441,0.04483161009288876,0.006127984604035608,0.030518415910455104,0.0002824472862738243
4.0808470249176025,0.7940211296081543,0.9256891729924092,1.0,relu,sigmoid,32,16,32,Adam,"{'activation1': 'relu', 'activation2': 'sigmoid', 'batch_size': 32, 'epochs': 16, 'neurons': 32, 'optimizer': 'Adam'}",65,0.8826347305389222,1.0,0.9544364508393285,1.0,0.9400479616306955,1.0,0.24275576396016757,0.01016625863150454,0.031023294705117204,0.0
4.272853533426921,0.8329728444417318,0.9272872552936476,1.0,relu,sigmoid,32,16,64,Adam,"{'activation1': 'relu', 'activation2': 'sigmoid', 'batch_size': 32, 'epochs': 16, 'neurons': 64, 'optimizer': 'Adam'}",52,0.8802395209580839,1.0,0.9556354916067147,1.0,0.9460431654676259,1.0,0.1019152197889013,0.007562355401476648,0.033517174875630225,0.0
5.333495855331421,0.8776694138844808,0.926887734718338,1.0,relu,sigmoid,32,16,128,Adam,"{'activation1': 'relu', 'activation2': 'sigmoid', 'batch_size': 32, 'epochs': 16, 'neurons': 128, 'optimizer': 'Adam'}",57,0.8898203592814371,1.0,0.9568345323741008,1.0,0.934052757793765,1.0,0.1009315332103348,0.009650974953714982,0.02782599286855065,0.0
8.167306900024414,0.9108516375223795,0.926887734718338,1.0,relu,sigmoid,32,16,256,Adam,"{'activation1': 'relu', 'activation2': 'sigmoid', 'batch_size': 32, 'epochs': 16, 'neurons': 256, 'optimizer': 'Adam'}",57,0.881437125748503,1.0,0.9592326139088729,1.0,0.9400479616306955,1.0,0.1704116811785966,0.012602124573313996,0.033097351832571884,0.0
5.825448671976726,0.9257873694101969,0.9304834198961246,0.9996005592170961,relu,sigmoid,32,32,16,Adam,"{'activation1': 'relu', 'activation2': 'sigmoid', 'batch_size': 32, 'epochs': 32, 'neurons': 16, 'optimizer': 'Adam'}",33,0.881437125748503,1.0,0.9676258992805755,0.9988016776512882,0.9424460431654677,1.0,0.10911753229297572,0.008915616135423503,0.036191715844478035,0.0005648945725476486
6.895443598429362,0.955258846282959,0.9320815021973632,1.0,relu,sigmoid,32,32,32,Adam,"{'activation1': 'relu', 'activation2': 'sigmoid', 'batch_size': 32, 'epochs': 32, 'neurons': 32, 'optimizer': 'Adam'}",19,0.8934131736526946,1.0,0.9544364508393285,1.0,0.9484412470023981,1.0,0.3695933532944586,0.008634937698230734,0.02746824095337085,0.0
7.619999408721924,0.9926649729410807,0.930083899320815,1.0,relu,sigmoid,32,32,64,Adam,"{'activation1': 'relu', 'activation2': 'sigmoid', 'batch_size': 32, 'epochs': 32, 'neurons': 64, 'optimizer': 'Adam'}",37,0.8838323353293414,1.0,0.9640287769784173,1.0,0.9424460431654677,1.0,0.33118163649442467,0.012768200938466923,0.03388939067319419,0.0
8.829983075459799,1.0041221777598064,0.9308829404714343,1.0,relu,sigmoid,32,32,128,Adam,"{'activation1': 'relu', 'activation2': 'sigmoid', 'batch_size': 32, 'epochs': 32, 'neurons': 128, 'optimizer': 'Adam'}",30,0.888622754491018,1.0,0.960431654676259,1.0,0.9436450839328537,1.0,0.1307133846955762,0.006555947609987247,0.03067537155095871,0.0
13.575331926345825,1.0380395253499348,0.9328805433479824,1.0,relu,sigmoid,32,32,256,Adam,"{'activation1': 'relu', 'activation2': 'sigmoid', 'batch_size': 32, 'epochs': 32, 'neurons': 256, 'optimizer': 'Adam'}",15,0.8838323353293414,1.0,0.9676258992805755,1.0,0.947242206235012,1.0,0.2630678184175832,0.011916975154586711,0.035686511845322226,0.0
10.774619897206625,1.0572021007537842,0.9284858170195766,0.9996005592170961,relu,sigmoid,32,64,16,Adam,"{'activation1': 'relu', 'activation2': 'sigmoid', 'batch_size': 32, 'epochs': 64, 'neurons': 16, 'optimizer': 'Adam'}",47,0.8850299401197604,1.0,0.9580335731414868,0.9988016776512882,0.9424460431654677,1.0,0.09256016805949668,0.011882660152646059,0.03139773501271023,0.0005648945725476486
12.543952067693075,1.0929887294769287,0.9340791050739113,1.0,relu,sigmoid,32,64,32,Adam,"{'activation1': 'relu', 'activation2': 'sigmoid', 'batch_size': 32, 'epochs': 64, 'neurons': 32, 'optimizer': 'Adam'}",7,0.8850299401197604,1.0,0.9688249400479616,1.0,0.9484412470023981,1.0,0.3815657876375524,0.01624959673783629,0.035687170249192116,0.0
13.286031802495321,1.1337470213572185,0.9320815021973632,1.0,relu,sigmoid,32,64,64,Adam,"{'activation1': 'relu', 'activation2': 'sigmoid', 'batch_size': 32, 'epochs': 64, 'neurons': 64, 'optimizer': 'Adam'}",19,0.8862275449101796,1.0,0.9616306954436451,1.0,0.9484412470023981,1.0,0.22764743157493683,0.007238463129305742,0.032886703246349715,0.0
17.035734971364338,1.1873381932576497,0.9352776667998401,1.0,relu,sigmoid,32,64,128,Adam,"{'activation1': 'relu', 'activation2': 'sigmoid', 'batch_size': 32, 'epochs': 64, 'neurons': 128, 'optimizer': 'Adam'}",2,0.8898203592814371,1.0,0.9628297362110312,1.0,0.9532374100719424,1.0,0.7435900622398884,0.0407371171694406,0.032399869738361516,0.0
27.389371156692505,1.1931642691294353,0.930083899320815,1.0,relu,sigmoid,32,64,256,Adam,"{'activation1': 'relu', 'activation2': 'sigmoid', 'batch_size': 32, 'epochs': 64, 'neurons': 256, 'optimizer': 'Adam'}",37,0.8874251497005988,1.0,0.9628297362110312,1.0,0.9400479616306955,1.0,0.72538410898139,0.010645444649025398,0.031582311998434205,0.0
21.371419270833332,1.216500202814738,0.930083899320815,1.0,relu,sigmoid,32,128,16,Adam,"{'activation1': 'relu', 'activation2': 'sigmoid', 'batch_size': 32, 'epochs': 128, 'neurons': 16, 'optimizer': 'Adam'}",37,0.8850299401197604,1.0,0.960431654676259,1.0,0.9448441247002398,1.0,0.37341952004287965,0.0026179361435210756,0.03250577740908925,0.0
25.621455589930218,1.2513617674509685,0.9308829404714343,1.0,relu,sigmoid,32,128,32,Adam,"{'activation1': 'relu', 'activation2': 'sigmoid', 'batch_size': 32, 'epochs': 128, 'neurons': 32, 'optimizer': 'Adam'}",30,0.881437125748503,1.0,0.9676258992805755,1.0,0.9436450839328537,1.0,1.96030734090783,0.005091616342824741,0.036327927945261525,0.0
27.854492505391438,1.2975649038950603,0.9320815021973632,1.0,relu,sigmoid,32,128,64,Adam,"{'activation1': 'relu', 'activation2': 'sigmoid', 'batch_size': 32, 'epochs': 128, 'neurons': 64, 'optimizer': 'Adam'}",19,0.8862275449101796,1.0,0.960431654676259,1.0,0.9496402877697842,1.0,1.274195122254765,0.017726475514529647,0.03274071503906647,0.0
33.48609749476115,1.340622345606486,0.9352776667998401,1.0,relu,sigmoid,32,128,128,Adam,"{'activation1': 'relu', 'activation2': 'sigmoid', 'batch_size': 32, 'epochs': 128, 'neurons': 128, 'optimizer': 'Adam'}",2,0.8838323353293414,1.0,0.9676258992805755,1.0,0.9544364508393285,1.0,0.25745551665083277,0.011842252430925218,0.036795105342023855,0.0
53.36333600680033,1.3581213156382244,0.931282461046744,1.0,relu,sigmoid,32,128,256,Adam,"{'activation1': 'relu', 'activation2': 'sigmoid', 'batch_size': 32, 'epochs': 128, 'neurons': 256, 'optimizer': 'Adam'}",24,0.8862275449101796,1.0,0.960431654676259,1.0,0.947242206235012,1.0,0.23788003580875058,0.01666922999840078,0.03232911591558398,0.0
43.563198248545326,1.397918462753296,0.9029165001997603,1.0,relu,sigmoid,32,256,16,Adam,"{'activation1': 'relu', 'activation2': 'sigmoid', 'batch_size': 32, 'epochs': 256, 'neurons': 16, 'optimizer': 'Adam'}",117,0.8850299401197604,1.0,0.9316546762589928,1.0,0.8920863309352518,1.0,1.8939293950866087,0.015091171816010149,0.0205181478981898,0.0
52.93716708819071,1.431199312210083,0.931282461046744,1.0,relu,sigmoid,32,256,32,Adam,"{'activation1': 'relu', 'activation2': 'sigmoid', 'batch_size': 32, 'epochs': 256, 'neurons': 32, 'optimizer': 'Adam'}",24,0.888622754491018,1.0,0.9568345323741008,1.0,0.9484412470023981,1.0,0.9381096342451841,0.008802053633848336,0.030376847020714814,0.0
53.84899195035299,1.455473264058431,0.9320815021973632,1.0,relu,sigmoid,32,256,64,Adam,"{'activation1': 'relu', 'activation2': 'sigmoid', 'batch_size': 32, 'epochs': 256, 'neurons': 64, 'optimizer': 'Adam'}",19,0.8850299401197604,1.0,0.960431654676259,1.0,0.9508393285371702,1.0,2.109683629259373,0.014903339025084271,0.03351986458057197,0.0
65.57717943191528,1.4984408219655354,0.9336795844986017,1.0,relu,sigmoid,32,256,128,Adam,"{'activation1': 'relu', 'activation2': 'sigmoid', 'batch_size': 32, 'epochs': 256, 'neurons': 128, 'optimizer': 'Adam'}",10,0.8874251497005988,1.0,0.9664268585131894,1.0,0.947242206235012,1.0,1.5277243426005254,0.02221156066036338,0.03365020554589178,0.0
104.5537060101827,1.529833714167277,0.9340791050739113,1.0,relu,sigmoid,32,256,256,Adam,"{'activation1': 'relu', 'activation2': 'sigmoid', 'batch_size': 32, 'epochs': 256, 'neurons': 256, 'optimizer': 'Adam'}",7,0.8862275449101796,1.0,0.9652278177458034,1.0,0.9508393285371702,1.0,1.1302212244238319,0.015041068240662273,0.034362037990267616,0.0
5.160308043162028,1.5336819489796956,0.9069117059528565,1.0,relu,sigmoid,64,16,16,Adam,"{'activation1': 'relu', 'activation2': 'sigmoid', 'batch_size': 64, 'epochs': 16, 'neurons': 16, 'optimizer': 'Adam'}",115,0.8574850299401198,1.0,0.935251798561151,1.0,0.9280575539568345,1.0,0.05691078833949026,0.00854778798377921,0.035093952800217106,0.0
5.433082501093547,1.5540262858072917,0.9149021174590491,1.0,relu,sigmoid,64,16,32,Adam,"{'activation1': 'relu', 'activation2': 'sigmoid', 'batch_size': 64, 'epochs': 16, 'neurons': 32, 'optimizer': 'Adam'}",102,0.8778443113772455,1.0,0.9496402877697842,1.0,0.9172661870503597,1.0,0.04399737778548583,0.008081243768843442,0.029361103809237,0.0
5.684253851572673,1.5922567049662273,0.9232920495405513,1.0,relu,sigmoid,64,16,64,Adam,"{'activation1': 'relu', 'activation2': 'sigmoid', 'batch_size': 64, 'epochs': 16, 'neurons': 64, 'optimizer': 'Adam'}",78,0.8826347305389222,1.0,0.9556354916067147,1.0,0.9316546762589928,1.0,0.07178042821810957,0.005473802671013065,0.030385985311984314,0.0
6.21597679456075,1.6163477102915447,0.926887734718338,1.0,relu,sigmoid,64,16,128,Adam,"{'activation1': 'relu', 'activation2': 'sigmoid', 'batch_size': 64, 'epochs': 16, 'neurons': 128, 'optimizer': 'Adam'}",57,0.8754491017964072,1.0,0.9616306954436451,1.0,0.9436450839328537,1.0,0.04156383975663235,0.0063787502219325954,0.03712741484557948,0.0
7.596556266148885,1.6570990085601807,0.9304834198961246,1.0,relu,sigmoid,64,16,256,Adam,"{'activation1': 'relu', 'activation2': 'sigmoid', 'batch_size': 64, 'epochs': 16, 'neurons': 256, 'optimizer': 'Adam'}",33,0.8910179640718563,1.0,0.9592326139088729,1.0,0.9412470023980816,1.0,0.0745752007827447,0.018676024358236974,0.0288719073140881,0.0
7.604847510655721,1.6775550842285156,0.9172992409109069,1.0,relu,sigmoid,64,32,16,Adam,"{'activation1': 'relu', 'activation2': 'sigmoid', 'batch_size': 64, 'epochs': 32, 'neurons': 16, 'optimizer': 'Adam'}",96,0.8790419161676647,1.0,0.9592326139088729,1.0,0.9136690647482014,1.0,0.4404681734016235,0.013191932319618845,0.03284138931467464,0.0
7.8086512088775635,1.7559010982513428,0.9149021174590491,1.0,relu,sigmoid,64,32,32,Adam,"{'activation1': 'relu', 'activation2': 'sigmoid', 'batch_size': 64, 'epochs': 32, 'neurons': 32, 'optimizer': 'Adam'}",102,0.8766467065868263,1.0,0.9388489208633094,1.0,0.9292565947242206,1.0,0.10591145027887616,0.04762749685722552,0.027348582067472968,0.0
8.191733201344809,1.747887134552002,0.9196963643627647,1.0,relu,sigmoid,64,32,64,Adam,"{'activation1': 'relu', 'activation2': 'sigmoid', 'batch_size': 64, 'epochs': 32, 'neurons': 64, 'optimizer': 'Adam'}",92,0.8862275449101796,1.0,0.9400479616306955,1.0,0.9328537170263789,1.0,0.15692768857427444,0.01796176384867617,0.02386158510832841,0.0
9.419424851735434,1.7839969793955486,0.9272872552936476,1.0,relu,sigmoid,64,32,128,Adam,"{'activation1': 'relu', 'activation2': 'sigmoid', 'batch_size': 64, 'epochs': 32, 'neurons': 128, 'optimizer': 'Adam'}",52,0.8802395209580839,1.0,0.9640287769784173,1.0,0.9376498800959233,1.0,0.3008288339105483,0.007171325562254384,0.03498570733394986,0.0
11.681208848953247,1.808831771214803,0.9324810227726728,1.0,relu,sigmoid,64,32,256,Adam,"{'activation1': 'relu', 'activation2': 'sigmoid', 'batch_size': 64, 'epochs': 32, 'neurons': 256, 'optimizer': 'Adam'}",18,0.8934131736526946,1.0,0.9580335731414868,1.0,0.9460431654676259,1.0,0.01984474917143111,0.014284449512652992,0.02807161442373856,0.0
11.114479621251425,1.8539968331654866,0.926887734718338,1.0,relu,sigmoid,64,64,16,Adam,"{'activation1': 'relu', 'activation2': 'sigmoid', 'batch_size': 64, 'epochs': 64, 'neurons': 16, 'optimizer': 'Adam'}",57,0.8862275449101796,1.0,0.960431654676259,1.0,0.934052757793765,1.0,0.01658287406308325,0.01360813264902958,0.030717172850972453,0.0
12.332825581232706,1.8761167526245117,0.9232920495405513,1.0,relu,sigmoid,64,64,32,Adam,"{'activation1': 'relu', 'activation2': 'sigmoid', 'batch_size': 64, 'epochs': 64, 'neurons': 32, 'optimizer': 'Adam'}",78,0.874251497005988,1.0,0.9640287769784173,1.0,0.9316546762589928,1.0,0.14900922039113434,0.01084332775582452,0.03712869967571274,0.0
12.671681563059488,1.8953991731007893,0.926887734718338,1.0,relu,sigmoid,64,64,64,Adam,"{'activation1': 'relu', 'activation2': 'sigmoid', 'batch_size': 64, 'epochs': 64, 'neurons': 64, 'optimizer': 'Adam'}",57,0.8874251497005988,1.0,0.9568345323741008,1.0,0.9364508393285371,1.0,0.5501405475804471,0.00384957237036929,0.02913422264576113,0.0
15.136038303375244,1.943080186843872,0.9264882141430284,1.0,relu,sigmoid,64,64,128,Adam,"{'activation1': 'relu', 'activation2': 'sigmoid', 'batch_size': 64, 'epochs': 64, 'neurons': 128, 'optimizer': 'Adam'}",63,0.881437125748503,1.0,0.9580335731414868,1.0,0.9400479616306955,1.0,0.23269651096082017,0.01427582299269128,0.03270946703343106,0.0
20.16862948735555,1.9886972109476726,0.9332800639232921,1.0,relu,sigmoid,64,64,256,Adam,"{'activation1': 'relu', 'activation2': 'sigmoid', 'batch_size': 64, 'epochs': 64, 'neurons': 256, 'optimizer': 'Adam'}",14,0.8850299401197604,1.0,0.9616306954436451,1.0,0.9532374100719424,1.0,0.33941338863783366,0.012423695601684662,0.03430990334167921,0.0
20.302345991134644,2.035590410232544,0.9260886935677187,1.0,relu,sigmoid,64,128,16,Adam,"{'activation1': 'relu', 'activation2': 'sigmoid', 'batch_size': 64, 'epochs': 128, 'neurons': 16, 'optimizer': 'Adam'}",64,0.888622754491018,1.0,0.9568345323741008,1.0,0.9328537170263789,1.0,0.2906546503107957,0.029230075054256722,0.028257709242071424,0.0
21.89635380109151,2.0530100663503013,0.9272872552936476,1.0,relu,sigmoid,64,128,32,Adam,"{'activation1': 'relu', 'activation2': 'sigmoid', 'batch_size': 64, 'epochs': 128, 'neurons': 32, 'optimizer': 'Adam'}",52,0.8790419161676647,1.0,0.9640287769784173,1.0,0.9388489208633094,1.0,0.6937594250868856,0.023669921246624526,0.03564870918128489,0.0
25.325907230377197,2.082341512044271,0.923691570115861,1.0,relu,sigmoid,64,128,64,Adam,"{'activation1': 'relu', 'activation2': 'sigmoid', 'batch_size': 64, 'epochs': 128, 'neurons': 64, 'optimizer': 'Adam'}",74,0.8922155688622755,1.0,0.9496402877697842,1.0,0.9292565947242206,1.0,1.7901972404638697,0.010982584799067052,0.023773615333866,0.0
28.18245792388916,2.121232827504476,0.9288853375948861,1.0,relu,sigmoid,64,128,128,Adam,"{'activation1': 'relu', 'activation2': 'sigmoid', 'batch_size': 64, 'epochs': 128, 'neurons': 128, 'optimizer': 'Adam'}",46,0.888622754491018,1.0,0.9544364508393285,1.0,0.9436450839328537,1.0,0.7320164527061731,0.00579868878293565,0.028825524209967174,0.0
36.86961428324381,2.160740534464518,0.9308829404714343,1.0,relu,sigmoid,64,128,256,Adam,"{'activation1': 'relu', 'activation2': 'sigmoid', 'batch_size': 64, 'epochs': 128, 'neurons': 256, 'optimizer': 'Adam'}",30,0.8862275449101796,1.0,0.9616306954436451,1.0,0.9448441247002398,1.0,0.3077983793018298,0.00855493669415556,0.03232945631121721,0.0
37.475396394729614,2.173818826675415,0.9272872552936476,1.0,relu,sigmoid,64,256,16,Adam,"{'activation1': 'relu', 'activation2': 'sigmoid', 'batch_size': 64, 'epochs': 256, 'neurons': 16, 'optimizer': 'Adam'}",52,0.8850299401197604,1.0,0.9556354916067147,1.0,0.9412470023980816,1.0,1.149536776867884,0.012265086239860766,0.030469687883883597,0.0
41.316495974858604,2.2233280340830484,0.9244906112664802,1.0,relu,sigmoid,64,256,32,Adam,"{'activation1': 'relu', 'activation2': 'sigmoid', 'batch_size': 64, 'epochs': 256, 'neurons': 32, 'optimizer': 'Adam'}",69,0.8766467065868263,1.0,0.9580335731414868,1.0,0.9388489208633094,1.0,0.6210260859593668,0.020577766610319913,0.03474491674603221,0.0
46.40325776735941,2.2342286109924316,0.9240910906911706,1.0,relu,sigmoid,64,256,64,Adam,"{'activation1': 'relu', 'activation2': 'sigmoid', 'batch_size': 64, 'epochs': 256, 'neurons': 64, 'optimizer': 'Adam'}",71,0.8718562874251496,1.0,0.9664268585131894,1.0,0.934052757793765,1.0,1.4476674058584125,0.00575447195459489,0.039248996464290184,0.0
54.949034690856934,2.2741267681121826,0.9292848581701958,1.0,relu,sigmoid,64,256,128,Adam,"{'activation1': 'relu', 'activation2': 'sigmoid', 'batch_size': 64, 'epochs': 256, 'neurons': 128, 'optimizer': 'Adam'}",42,0.8766467065868263,1.0,0.9640287769784173,1.0,0.947242206235012,1.0,2.3828748956067005,0.014049470295055344,0.037868122477295485,0.0
69.17999998728435,2.3137900034586587,0.9348781462245306,1.0,relu,sigmoid,64,256,256,Adam,"{'activation1': 'relu', 'activation2': 'sigmoid', 'batch_size': 64, 'epochs': 256, 'neurons': 256, 'optimizer': 'Adam'}",4,0.888622754491018,1.0,0.9700239808153477,1.0,0.9460431654676259,1.0,1.1864707641707652,0.021850523884215427,0.03415950283949824,0.0
6.7977250417073565,2.315627654393514,0.9025169793386912,0.999800279608548,relu,sigmoid,128,16,16,Adam,"{'activation1': 'relu', 'activation2': 'sigmoid', 'batch_size': 128, 'epochs': 16, 'neurons': 16, 'optimizer': 'Adam'}",118,0.8658682629019915,1.0,0.9196642695856895,0.9994008388256441,0.9220623488334729,1.0,0.02752362186749469,0.010215102411284472,0.02594855530042885,0.0002824472862738243
6.956066528956096,2.3336129983266196,0.9125049947454031,1.0,relu,sigmoid,128,16,32,Adam,"{'activation1': 'relu', 'activation2': 'sigmoid', 'batch_size': 128, 'epochs': 16, 'neurons': 32, 'optimizer': 'Adam'}",107,0.8790419173811724,1.0,0.9412470022551447,1.0,0.9172661881938541,1.0,0.0031407257139568785,0.006475495181004373,0.02561968742917692,0.0
7.005735397338867,2.3768994013468423,0.9085097901353444,1.0,relu,sigmoid,128,16,64,Adam,"{'activation1': 'relu', 'activation2': 'sigmoid', 'batch_size': 128, 'epochs': 16, 'neurons': 64, 'optimizer': 'Adam'}",110,0.873053894428436,1.0,0.9472422073785064,1.0,0.9052757816634875,1.0,0.016784666522659978,0.009449102174168953,0.030376418750852004,0.0
7.370331366856893,2.4124159018198648,0.9129045139633557,1.0,relu,sigmoid,128,16,128,Adam,"{'activation1': 'relu', 'activation2': 'sigmoid', 'batch_size': 128, 'epochs': 16, 'neurons': 128, 'optimizer': 'Adam'}",106,0.869461077273249,1.0,0.9532374100719424,1.0,0.9160671449965424,1.0,0.016935031842955344,0.018595458169168907,0.034277937889599444,0.0
8.049418687820435,2.4415032068888345,0.9280862969919723,1.0,relu,sigmoid,128,16,256,Adam,"{'activation1': 'relu', 'activation2': 'sigmoid', 'batch_size': 128, 'epochs': 16, 'neurons': 256, 'optimizer': 'Adam'}",49,0.8910179622872861,1.0,0.9520383715915451,1.0,0.9412470035415759,1.0,0.051029648659497516,0.002157772638037517,0.026594279081377608,0.0
9.158200740814209,2.4718019167582193,0.9117059539281698,1.0,relu,sigmoid,128,32,16,Adam,"{'activation1': 'relu', 'activation2': 'sigmoid', 'batch_size': 128, 'epochs': 32, 'neurons': 16, 'optimizer': 'Adam'}",108,0.876646707800334,1.0,0.940047962631253,1.0,0.9184652288183034,1.0,0.7578273866842136,0.021498644771216525,0.026323316404209283,0.0
8.920585950215658,2.505606015523275,0.918098282466352,1.0,relu,sigmoid,128,32,32,Adam,"{'activation1': 'relu', 'activation2': 'sigmoid', 'batch_size': 128, 'epochs': 32, 'neurons': 32, 'optimizer': 'Adam'}",95,0.877844311591394,1.0,0.9388489207203725,1.0,0.9376498812394176,1.0,0.17142481999701034,0.014737589350625665,0.028485119939305824,0.0
9.470788558324179,2.554048697153727,0.9168997218834606,1.0,relu,sigmoid,128,32,64,Adam,"{'activation1': 'relu', 'activation2': 'sigmoid', 'batch_size': 128, 'epochs': 32, 'neurons': 64, 'optimizer': 'Adam'}",97,0.8706586838482383,1.0,0.9472422073785064,1.0,0.9328537193133677,1.0,0.47841525550124914,0.03037393774378145,0.03323988106704813,0.0
9.824784755706787,2.5750316778818765,0.9204954062515956,1.0,relu,sigmoid,128,32,128,Adam,"{'activation1': 'relu', 'activation2': 'sigmoid', 'batch_size': 128, 'epochs': 32, 'neurons': 128, 'optimizer': 'Adam'}",90,0.8742514982194958,1.0,0.9472422060920752,1.0,0.9400479627741898,1.0,0.12818930202157125,0.009966093370811181,0.03285048450092736,0.0
10.918628136316935,2.6182520389556885,0.9280862972777317,1.0,relu,sigmoid,128,32,256,Adam,"{'activation1': 'relu', 'activation2': 'sigmoid', 'batch_size': 128, 'epochs': 32, 'neurons': 256, 'optimizer': 'Adam'}",48,0.8922155690764239,1.0,0.9592326161958616,1.0,0.9328537170263789,1.0,0.1432969329787166,0.017330114259408374,0.027569077459167216,0.0
12.08763591448466,2.6480981508890786,0.9208949272079178,1.0,relu,sigmoid,128,64,16,Adam,"{'activation1': 'relu', 'activation2': 'sigmoid', 'batch_size': 128, 'epochs': 64, 'neurons': 16, 'optimizer': 'Adam'}",87,0.8826347317524299,1.0,0.9400479637747474,1.0,0.9400479616306955,1.0,0.27902615144497095,0.007539488306801556,0.027070258247698435,0.0
12.981780290603638,2.6782604853312173,0.9184978030892882,1.0,relu,sigmoid,128,64,32,Adam,"{'activation1': 'relu', 'activation2': 'sigmoid', 'batch_size': 128, 'epochs': 64, 'neurons': 32, 'optimizer': 'Adam'}",94,0.8754491010111963,1.0,0.9472422072355696,1.0,0.9328537181698733,1.0,0.45385246244535365,0.011331991059978317,0.03101930665194757,0.0
13.783899148305258,2.7022360960642495,0.9204954054895707,1.0,relu,sigmoid,128,64,64,Adam,"{'activation1': 'relu', 'activation2': 'sigmoid', 'batch_size': 128, 'epochs': 64, 'neurons': 64, 'optimizer': 'Adam'}",91,0.8742514982194958,1.0,0.9484412457159669,1.0,0.9388489208633094,1.0,0.7043613610523584,0.012563541117006872,0.03295240319062285,0.0
13.927395423253378,2.7488645712534585,0.9252896536792035,1.0,relu,sigmoid,128,64,128,Adam,"{'activation1': 'relu', 'activation2': 'sigmoid', 'batch_size': 128, 'epochs': 64, 'neurons': 128, 'optimizer': 'Adam'}",66,0.8850299393345495,1.0,0.9532374123589312,1.0,0.937649882382912,1.0,0.144857492433042,0.012209935489046446,0.02918686403275317,0.0
16.218632141749065,2.768838882446289,0.9232920496119912,1.0,relu,sigmoid,128,64,256,Adam,"{'activation1': 'relu', 'activation2': 'sigmoid', 'batch_size': 128, 'epochs': 64, 'neurons': 256, 'optimizer': 'Adam'}",77,0.8874251489153879,1.0,0.9484412457159669,1.0,0.9340527600807538,1.0,0.1288688503972836,0.017729245797572152,0.026047638939476137,0.0
18.198438962300617,2.832418362299601,0.9232920500406303,1.0,relu,sigmoid,128,128,16,Adam,"{'activation1': 'relu', 'activation2': 'sigmoid', 'batch_size': 128, 'epochs': 128, 'neurons': 16, 'optimizer': 'Adam'}",76,0.8790419153824538,1.0,0.9508393296806646,1.0,0.9400479627741898,1.0,0.20143858569212622,0.03437972502464142,0.03161664582425132,0.0
20.451925039291382,2.8713345527648926,0.921693967167873,1.0,relu,sigmoid,128,128,32,Adam,"{'activation1': 'relu', 'activation2': 'sigmoid', 'batch_size': 128, 'epochs': 128, 'neurons': 32, 'optimizer': 'Adam'}",85,0.8838323365428491,1.0,0.9472422060920752,1.0,0.9340527565073338,1.0,0.90062745852076,0.02556467303380994,0.0273238533939097,0.0
21.217268308003742,2.895374059677124,0.9188973242837432,1.0,relu,sigmoid,128,128,64,Adam,"{'activation1': 'relu', 'activation2': 'sigmoid', 'batch_size': 128, 'epochs': 128, 'neurons': 64, 'optimizer': 'Adam'}",93,0.8754491040092742,1.0,0.9544364495528973,1.0,0.9268585154764372,1.0,0.9603539864142233,0.023452259568188086,0.03273701419519834,0.0
22.489731152852375,2.9746286869049072,0.9228925285604159,1.0,relu,sigmoid,128,128,128,Adam,"{'activation1': 'relu', 'activation2': 'sigmoid', 'batch_size': 128, 'epochs': 128, 'neurons': 128, 'optimizer': 'Adam'}",83,0.8850299403339089,1.0,0.9460431640382579,1.0,0.9376498800959233,1.0,0.13764952929125238,0.04492111872553798,0.027007105788944143,0.0
26.67429979642232,2.9687069257100425,0.9296843787693186,1.0,relu,sigmoid,128,128,256,Adam,"{'activation1': 'relu', 'activation2': 'sigmoid', 'batch_size': 128, 'epochs': 128, 'neurons': 256, 'optimizer': 'Adam'}",41,0.8838323355434897,1.0,0.9676259004240699,1.0,0.9376498788094921,1.0,0.2440541410955371,0.01445992929417015,0.034672263427836934,0.0
34.010321855545044,3.0276623566945395,0.9236915713779649,1.0,relu,sigmoid,128,256,16,Adam,"{'activation1': 'relu', 'activation2': 'sigmoid', 'batch_size': 128, 'epochs': 256, 'neurons': 16, 'optimizer': 'Adam'}",72,0.8826347297537113,1.0,0.9532374123589312,1.0,0.9352518008481399,1.0,2.0911814290045365,0.02172011274710143,0.029962224151247694,0.0
36.0979810555776,3.0731866359710693,0.9232920503263896,1.0,relu,sigmoid,128,256,32,Adam,"{'activation1': 'relu', 'activation2': 'sigmoid', 'batch_size': 128, 'epochs': 256, 'neurons': 32, 'optimizer': 'Adam'}",75,0.8814371259626514,1.0,0.9484412480029557,1.0,0.9400479627741898,1.0,2.9833800416369103,0.019603090747490087,0.029811140915042687,0.0
35.64421010017395,3.086818297704061,0.9276867763690362,1.0,relu,sigmoid,128,256,64,Adam,"{'activation1': 'relu', 'activation2': 'sigmoid', 'batch_size': 128, 'epochs': 256, 'neurons': 64, 'optimizer': 'Adam'}",50,0.8874251489153879,1.0,0.9616306977306338,1.0,0.934052757793765,1.0,0.8796449958413315,0.01840740312961844,0.030629685450293754,0.0
40.996238231658936,3.1432082653045654,0.9224930091757704,1.0,relu,sigmoid,128,256,128,Adam,"{'activation1': 'relu', 'activation2': 'sigmoid', 'batch_size': 128, 'epochs': 256, 'neurons': 128, 'optimizer': 'Adam'}",84,0.8814371259626514,1.0,0.9544364506963917,1.0,0.9316546785459816,1.0,0.5797129808324988,0.007444701973134634,0.03050033246832742,0.0
50.219528118769325,3.189076026280721,0.922892530513105,1.0,relu,sigmoid,128,256,256,Adam,"{'activation1': 'relu', 'activation2': 'sigmoid', 'batch_size': 128, 'epochs': 256, 'neurons': 256, 'optimizer': 'Adam'}",80,0.8730538934290766,1.0,0.9556354938937034,1.0,0.9400479627741898,1.0,1.1242432174969974,0.011425124968751943,0.03583173209326462,0.0
8.377408901850382,3.1884982585906982,0.8333999199530052,0.9990013980427402,relu,sigmoid,256,16,16,Adam,"{'activation1': 'relu', 'activation2': 'sigmoid', 'batch_size': 256, 'epochs': 16, 'neurons': 16, 'optimizer': 'Adam'}",125,0.8359281451402311,1.0,0.8860911255260165,0.9994008388256441,0.7781774577476995,0.9976033553025764,0.0020581735902391635,0.009868504253946489,0.04408307667137109,0.0010183781732759807
8.487852176030477,3.2134881814320884,0.8801438284787092,1.0,relu,sigmoid,256,16,32,Adam,"{'activation1': 'relu', 'activation2': 'sigmoid', 'batch_size': 256, 'epochs': 16, 'neurons': 32, 'optimizer': 'Adam'}",124,0.8730538934290766,1.0,0.9208633092095811,1.0,0.8465227839186323,1.0,0.0407598260881909,0.015382596009185439,0.030755184112644076,0.0
8.75576917330424,3.239018122355143,0.8965241723997899,1.0,relu,sigmoid,256,16,64,Adam,"{'activation1': 'relu', 'activation2': 'sigmoid', 'batch_size': 256, 'epochs': 16, 'neurons': 64, 'optimizer': 'Adam'}",122,0.8610778465242444,1.0,0.9232613918878477,1.0,0.9052757803770564,1.0,0.09916684092214471,0.0054437134741671675,0.02613171321544188,0.0
8.898922999699911,3.279530684153239,0.9168997207880496,1.0,relu,sigmoid,256,16,128,Adam,"{'activation1': 'relu', 'activation2': 'sigmoid', 'batch_size': 256, 'epochs': 16, 'neurons': 128, 'optimizer': 'Adam'}",98,0.8922155680770646,1.0,0.940047962631253,1.0,0.9184652289612402,1.0,0.023032409004499276,0.009431735517946549,0.019560769534256943,0.0
9.208657344182333,3.3097421328226724,0.9228925300844659,1.0,relu,sigmoid,256,16,256,Adam,"{'activation1': 'relu', 'activation2': 'sigmoid', 'batch_size': 256, 'epochs': 16, 'neurons': 256, 'optimizer': 'Adam'}",81,0.8862275471230467,1.0,0.9568345335175951,1.0,0.9256594724220624,1.0,0.0384348800797357,0.014272162942590214,0.02889433266267454,0.0
9.888082504272461,3.3588927586873374,0.8905313620317759,1.0,relu,sigmoid,256,32,16,Adam,"{'activation1': 'relu', 'activation2': 'sigmoid', 'batch_size': 256, 'epochs': 32, 'neurons': 16, 'optimizer': 'Adam'}",123,0.8371257489312909,1.0,0.9364508391856003,1.0,0.898081533485751,1.0,0.049753248956965514,0.008945281892459377,0.04090304296494415,0.0
10.149629433949789,3.412180264790853,0.899720336168802,1.0,relu,sigmoid,256,32,32,Adam,"{'activation1': 'relu', 'activation2': 'sigmoid', 'batch_size': 256, 'epochs': 32, 'neurons': 32, 'optimizer': 'Adam'}",121,0.8538922139984405,1.0,0.9364508403290948,1.0,0.9088729039656458,1.0,0.046165260330684674,0.010366834043893979,0.03432308213449836,0.0
10.602421601613363,3.4480345249176025,0.9133040374200724,1.0,relu,sigmoid,256,32,64,Adam,"{'activation1': 'relu', 'activation2': 'sigmoid', 'batch_size': 256, 'epochs': 32, 'neurons': 64, 'optimizer': 'Adam'}",105,0.873053894428436,1.0,0.9472422085220008,1.0,0.9196642708721207,1.0,0.020844424208047448,0.01003035309446044,0.030622128244900258,0.0
10.709515571594238,3.4841089248657227,0.9069117069053878,1.0,relu,sigmoid,256,32,128,Adam,"{'activation1': 'relu', 'activation2': 'sigmoid', 'batch_size': 256, 'epochs': 32, 'neurons': 128, 'optimizer': 'Adam'}",114,0.8838323337589196,1.0,0.9388489230073613,1.0,0.898081537059171,1.0,0.03843537654445452,0.0036787003452298126,0.023313816327405326,0.0
11.110154787699381,3.5117452144622803,0.9228925294176941,1.0,relu,sigmoid,256,32,256,Adam,"{'activation1': 'relu', 'activation2': 'sigmoid', 'batch_size': 256, 'epochs': 32, 'neurons': 256, 'optimizer': 'Adam'}",82,0.8766467058016154,1.0,0.9496402887703418,1.0,0.9424460443089621,1.0,0.032756464931931004,0.009274838168222976,0.0328518344515032,0.0
12.803039948145548,3.5417091846466064,0.9041150611636641,0.999800279608548,relu,sigmoid,256,64,16,Adam,"{'activation1': 'relu', 'activation2': 'sigmoid', 'batch_size': 256, 'epochs': 64, 'neurons': 16, 'optimizer': 'Adam'}",116,0.8491017968354825,1.0,0.9376498786665552,1.0,0.9256594711356312,0.9994008388256441,0.0684666684273351,0.013003391812055357,0.039230041069599146,0.0002824472862738243
13.055664936701456,3.6023057301839194,0.901717938688151,1.0,relu,sigmoid,256,64,32,Adam,"{'activation1': 'relu', 'activation2': 'sigmoid', 'batch_size': 256, 'epochs': 64, 'neurons': 32, 'optimizer': 'Adam'}",119,0.8682634752667593,1.0,0.9256594709926944,1.0,0.9112709830704925,1.0,0.10792940518263075,0.039639231413259236,0.024387753566996368,0.0
13.585831244786581,3.5913262367248535,0.9157011588001747,1.0,relu,sigmoid,256,64,64,Adam,"{'activation1': 'relu', 'activation2': 'sigmoid', 'batch_size': 256, 'epochs': 64, 'neurons': 64, 'optimizer': 'Adam'}",100,0.873053890645147,1.0,0.9472422060920752,1.0,0.9268585154764372,1.0,0.27242588011770247,0.004074017108383958,0.031300265429761484,0.0
14.056675593058268,3.6319605509440103,0.9081102686789433,1.0,relu,sigmoid,256,64,128,Adam,"{'activation1': 'relu', 'activation2': 'sigmoid', 'batch_size': 256, 'epochs': 64, 'neurons': 128, 'optimizer': 'Adam'}",112,0.8658682619026321,1.0,0.9460431677546147,1.0,0.9124700262678042,1.0,0.16608586445704301,0.00909117167181244,0.03287928825157802,0.0
14.760223786036173,3.6789124806722007,0.9208949253028552,1.0,relu,sigmoid,256,64,256,Adam,"{'activation1': 'relu', 'activation2': 'sigmoid', 'batch_size': 256, 'epochs': 64, 'neurons': 256, 'optimizer': 'Adam'}",89,0.8814371259626514,1.0,0.9532374087855112,1.0,0.9280575526704034,1.0,0.09187959446593827,0.009088969270090971,0.029749302676429345,0.0
17.945546468098957,3.6968814531962075,0.9073112263376599,1.0,relu,sigmoid,256,128,16,Adam,"{'activation1': 'relu', 'activation2': 'sigmoid', 'batch_size': 256, 'epochs': 128, 'neurons': 16, 'optimizer': 'Adam'}",113,0.8622754475313746,1.0,0.9364508391856003,1.0,0.9232613920307845,1.0,0.22061954900635505,0.025220737056830946,0.03231576471178322,0.0
19.405153671900432,3.7128681341807046,0.915301639486969,1.0,relu,sigmoid,256,128,32,Adam,"{'activation1': 'relu', 'activation2': 'sigmoid', 'batch_size': 256, 'epochs': 128, 'neurons': 32, 'optimizer': 'Adam'}",101,0.8862275471230467,1.0,0.9412470033986391,1.0,0.9184652289612402,1.0,0.9043677317149339,0.019139350065724203,0.022574879437565323,0.0
20.205674171447754,3.785133679707845,0.9085097889446803,1.0,relu,sigmoid,256,128,64,Adam,"{'activation1': 'relu', 'activation2': 'sigmoid', 'batch_size': 256, 'epochs': 128, 'neurons': 64, 'optimizer': 'Adam'}",111,0.8778443125907532,1.0,0.9256594709926944,1.0,0.9220623524068928,1.0,0.5605560571291869,0.029979799691022983,0.021746383008590303,0.0
20.637706995010376,3.7985575993855796,0.9208949265887725,1.0,relu,sigmoid,256,128,128,Adam,"{'activation1': 'relu', 'activation2': 'sigmoid', 'batch_size': 256, 'epochs': 128, 'neurons': 128, 'optimizer': 'Adam'}",88,0.8862275431256095,1.0,0.9508393295377279,1.0,0.9256594747090511,1.0,0.276680979051591,0.009937500543960013,0.026594414614378243,0.0
21.699906667073567,3.8310864766438804,0.9244906123857045,1.0,relu,sigmoid,256,128,256,Adam,"{'activation1': 'relu', 'activation2': 'sigmoid', 'batch_size': 256, 'epochs': 128, 'neurons': 256, 'optimizer': 'Adam'}",68,0.8814371269620107,1.0,0.9532374110725,1.0,0.9388489220068037,1.0,0.24360908181846477,0.013727526824223287,0.031022629810251223,0.0
28.645068248112995,3.8920127550760903,0.9017179386167111,1.0,relu,sigmoid,256,256,16,Adam,"{'activation1': 'relu', 'activation2': 'sigmoid', 'batch_size': 256, 'epochs': 256, 'neurons': 16, 'optimizer': 'Adam'}",120,0.8622754485307339,1.0,0.9340527565073338,1.0,0.9088729039656458,1.0,0.1972388782609623,0.029611503367740395,0.029739137568109537,0.0
29.744805574417114,3.9080079396565757,0.910906911801206,1.0,relu,sigmoid,256,256,32,Adam,"{'activation1': 'relu', 'activation2': 'sigmoid', 'batch_size': 256, 'epochs': 256, 'neurons': 32, 'optimizer': 'Adam'}",109,0.8646706581115723,1.0,0.9436450825034858,1.0,0.924460433941665,1.0,0.11772509457838926,0.025927639276130895,0.033637694774849,0.0
33.67855183283488,3.9452900886535645,0.9161006793040445,1.0,relu,sigmoid,256,256,64,Adam,"{'activation1': 'relu', 'activation2': 'sigmoid', 'batch_size': 256, 'epochs': 256, 'neurons': 64, 'optimizer': 'Adam'}",99,0.8838323335447711,1.0,0.9556354914637778,1.0,0.9088729039656458,1.0,0.3129033387682311,0.01899191247687124,0.029758331734957885,0.0
33.56186024347941,3.9792664845784507,0.9236915705683133,1.0,relu,sigmoid,256,256,128,Adam,"{'activation1': 'relu', 'activation2': 'sigmoid', 'batch_size': 256, 'epochs': 256, 'neurons': 128, 'optimizer': 'Adam'}",73,0.8838323345441305,1.0,0.9556354914637778,1.0,0.9316546785459816,1.0,0.5216778633315516,0.024261932008493664,0.029851970009768074,0.0
35.89632844924927,4.004241307576497,0.924490611242667,1.0,relu,sigmoid,256,256,256,Adam,"{'activation1': 'relu', 'activation2': 'sigmoid', 'batch_size': 256, 'epochs': 256, 'neurons': 256, 'optimizer': 'Adam'}",70,0.8886227557045258,1.0,0.9580335718550557,1.0,0.9268585131894485,1.0,0.1182248413821556,0.007705530693124773,0.02838906152788233,0.0
