ID,prediction
1,0
2,1
3,0
4,1
5,1
6,1
7,0
8,0
9,1
10,0
11,1
12,1
13,1
14,1
15,0
16,0
17,1
18,0
19,0
20,0
21,1
22,0
23,1
24,1
25,0
26,0
27,0
28,1
29,1
30,1
31,1
32,1
33,1
34,1
35,1
36,1
37,1
38,1
39,0
40,0
41,1
42,0
43,1
44,1
45,1
46,0
47,1
48,1
49,1
50,0
51,0
52,0
53,1
54,1
55,1
56,1
57,0
58,0
59,0
60,0
61,1
62,1
63,1
64,1
65,0
66,0
67,1
68,1
69,1
70,0
71,1
72,1
73,1
74,1
75,0
76,1
77,0
78,0
79,1
80,1
81,0
82,0
83,1
84,1
85,0
86,0
87,1
88,0
89,1
90,1
91,1
92,1
93,1
94,0
95,1
96,1
97,0
98,0
99,0
100,0
101,0
102,1
103,0
104,0
105,1
106,1
107,1
108,1
109,1
110,1
111,0
112,0
113,0
114,1
115,0
116,0
117,1
118,0
119,1
120,1
121,1
122,1
123,0
124,0
125,0
126,1
127,1
128,1
129,1
130,0
131,1
132,0
133,1
134,0
135,1
136,0
137,1
138,1
139,1
140,0
141,0
142,1
143,1
144,1
145,1
146,0
147,0
148,0
149,0
150,1
151,1
152,1
153,0
154,0
155,0
156,0
157,1
158,1
159,1
160,1
161,1
162,0
163,1
164,1
165,1
166,1
167,0
168,1
169,1
170,1
171,0
172,0
173,1
174,1
175,0
176,1
177,0
178,0
179,1
180,1
181,1
182,1
183,1
184,0
185,0
186,0
187,1
188,1
189,0
190,1
191,0
192,0
193,0
194,0
195,0
196,1
197,0
198,0
199,1
200,1
201,0
202,1
203,1
204,0
205,1
206,1
207,1
208,0
209,1
210,1
211,1
212,1
213,1
214,0
215,0
216,1
217,1
218,1
219,1
220,1
221,1
222,1
223,1
224,1
225,1
226,1
227,1
228,1
229,1
230,1
231,1
232,1
233,1
234,1
235,1
236,0
237,0
238,1
239,1
240,1
241,1
242,1
243,1
244,0
245,1
246,0
247,1
248,0
249,0
250,0
251,1
252,0
253,0
254,1
255,1
256,1
257,0
258,1
259,1
260,1
261,1
262,1
263,1
264,0
265,1
266,1
267,1
268,0
269,1
270,0
271,0
272,1
273,1
274,1
275,0
276,1
277,1
278,0
279,0
280,1
281,1
282,0
283,1
284,1
285,0
286,0
287,1
288,1
289,1
290,0
291,1
292,1
293,0
294,1
295,1
296,0
297,1
298,0
299,0
300,1
301,1
302,1
303,1
304,1
305,0
306,1
307,0
308,1
309,0
310,0
311,0
312,1
313,0
314,0
315,0
316,0
317,0
318,1
319,1
320,1
321,0
322,1
323,0
324,1
325,0
326,0
327,0
328,1
329,0
330,0
331,0
332,1
333,1
334,0
335,1
336,1
337,1
338,0
339,1
340,0
341,1
342,1
343,1
344,0
345,0
346,1
347,1
348,1
349,0
350,1
351,0
352,0
353,1
354,0
355,1
356,0
357,0
358,0
359,0
360,1
361,0
362,0
363,1
364,0
365,1
366,0
367,0
368,0
369,1
370,1
371,0
372,0
373,1
374,1
375,0
376,1
377,0
378,1
379,1
380,0
381,1
382,0
383,1
384,0
385,1
386,1
387,1
388,1
389,1
390,1
391,1
392,1
393,0
394,1
395,0
396,1
397,1
398,0
399,0
400,0
401,0
402,0
403,1
404,1
405,0
406,1
407,0
408,0
409,1
410,0
411,0
412,1
413,1
414,0
415,1
416,1
417,1
418,0
419,1
420,1
421,0
422,1
423,0
424,1
425,0
426,0
427,0
428,0
429,1
430,1
431,0
432,1
433,0
434,1
435,1
436,0
437,1
438,0
439,0
440,0
441,1
442,1
443,1
444,1
445,1
446,1
447,1
448,0
449,1
450,0
451,1
452,1
453,0
454,0
455,1
456,1
457,1
458,0
459,1
460,0
461,1
462,1
463,1
464,1
465,0
466,1
467,0
468,1
469,1
470,0
471,0
472,0
473,0
474,1
475,0
476,1
477,0
478,0
479,1
480,1
481,0
482,1
483,1
484,0
485,1
486,0
487,1
488,0
489,0
490,0
491,1
492,1
493,1
494,1
495,1
496,1
497,1
498,0
499,1
500,1
501,1
502,1
503,0
504,0
505,1
506,1
507,1
508,1
509,1
510,0
511,1
512,1
513,1
514,1
515,1
516,1
517,0
518,0
519,0
520,0
521,1
522,0
523,0
524,0
525,1
526,0
527,1
528,1
529,0
530,1
531,0
532,0
533,1
534,1
535,0
536,0
537,0
538,1
539,1
540,0
541,0
542,1
543,1
544,1
545,1
546,1
547,1
548,1
549,1
550,0
551,1
552,1
553,1
554,1
555,0
556,1
557,1
558,0
559,1
560,1
561,0
562,1
563,1
564,0
565,0
566,1
567,0
568,1
569,0
570,1
571,0
572,0
573,1
574,0
575,0
576,0
577,0
578,1
579,0
580,0
581,1
582,0
583,1
584,1
585,1
586,0
587,1
588,0
589,1
590,0
591,1
592,0
593,0
594,0
595,0
596,1
597,1
598,1
599,1
600,1
601,0
602,0
603,1
604,1
605,0
606,0
607,1
608,1
609,0
610,0
611,1
612,1
613,0
614,0
615,0
616,1
617,1
618,0
619,1
620,0
621,1
622,0
623,0
624,1
625,1
626,0
627,0
628,0
629,1
630,1
631,0
632,0
633,1
634,0
635,1
636,1
637,1
638,1
639,1
640,1
641,0
642,0
643,1
644,1
645,0
646,1
647,1
648,1
649,0
650,1
651,0
652,1
653,1
654,1
655,1
656,1
657,0
658,0
659,0
660,0
661,1
662,0
663,1
664,1
665,0
666,0
667,1
668,0
669,0
670,1
671,0
672,1
673,0
674,1
675,0
676,1
677,1
678,1
679,0
680,0
681,0
682,0
683,1
684,1
685,1
686,1
687,1
688,0
689,1
690,1
691,1
692,1
693,0
694,1
695,0
696,0
697,0
698,0
699,0
700,1
701,0
702,0
703,1
704,1
705,1
706,1
707,0
708,0
709,0
710,1
711,1
712,1
713,0
714,1
715,1
716,0
717,1
718,1
719,1
720,1
721,0
722,0
723,1
724,1
725,0
726,1
727,1
728,1
729,0
730,0
731,0
732,1
733,0
734,1
735,0
736,1
737,1
738,0
739,0
740,0
741,0
742,1
743,0
744,1
745,0
746,0
747,0
748,1
749,1
750,1
751,0
752,1
753,1
754,1
755,1
756,1
757,1
758,0
759,0
760,1
761,1
762,0
763,1
764,0
765,0
766,1
767,1
768,0
769,0
770,0
771,1
772,0
773,1
774,0
775,1
776,1
777,0
778,0
779,1
780,0
781,0
782,1
783,0
784,1
785,0
786,0
787,0
788,1
789,1
790,0
791,1
792,1
793,1
794,0
795,1
796,1
797,0
798,1
799,1
800,0
801,1
802,0
803,1
804,1
805,1
806,1
807,1
808,1
809,1
810,1
811,1
812,1
813,0
814,0
815,1
816,1
817,1
818,0
819,1
820,0
821,1
822,1
823,0
824,1
825,1
826,1
827,0
828,0
829,1
830,1
831,1
832,0
833,1
834,0
835,0
836,1
837,0
838,0
839,0
840,1
841,0
842,1
843,1
844,0
845,0
846,1
847,0
848,1
849,0
850,1
851,0
852,0
853,0
854,1
855,0
856,1
857,0
858,1
859,1
860,1
861,1
862,0
863,0
864,0
865,1
866,0
867,1
868,1
869,1
870,1
871,1
872,0
873,0
874,1
875,1
876,0
877,1
878,0
879,1
880,1
881,0
882,1
883,0
884,1
885,0
886,0
887,1
888,1
889,0
890,0
891,0
892,0
893,0
894,1
895,1
896,1
897,0
898,1
899,0
900,0
901,1
902,0
903,0
904,1
905,1
906,1
907,0
908,0
909,1
910,0
911,1
912,1
913,0
914,1
915,1
916,0
917,1
918,1
919,1
920,1
921,0
922,1
923,0
924,0
925,1
926,0
927,0
928,0
929,1
930,1
931,1
932,1
933,1
934,1
935,0
936,0
937,0
938,1
939,0
940,0
941,0
942,0
943,0
944,1
945,0
946,1
947,1
948,1
949,0
950,1
951,0
952,1
953,1
954,0
955,1
956,1
957,0
958,0
959,0
960,0
961,0
962,1
963,0
964,1
965,0
966,1
967,1
968,1
969,0
970,1
971,0
972,0
973,1
974,1
975,0
976,1
977,0
978,0
979,0
980,1
981,1
982,0
983,0
984,1
985,0
986,1
987,0
988,1
989,0
990,1
991,1
992,1
993,1
994,1
995,1
996,1
997,1
998,1
999,0
1000,0
1001,1
1002,1
1003,1
1004,0
1005,0
1006,0
1007,0
1008,0
1009,1
1010,0
1011,1
1012,1
1013,1
1014,0
1015,0
1016,0
1017,0
1018,0
1019,0
1020,0
1021,1
1022,0
1023,1
1024,0
1025,0
1026,0
1027,0
1028,1
1029,1
1030,0
1031,1
1032,1
1033,1
1034,1
1035,1
1036,1
1037,0
1038,1
1039,0
1040,1
1041,0
1042,1
1043,0
1044,1
1045,1
1046,0
1047,1
1048,1
1049,0
1050,1
1051,1
1052,0
1053,1
1054,1
1055,1
1056,0
1057,1
1058,0
1059,1
1060,1
1061,1
1062,1
1063,1
1064,1
1065,1
1066,0
1067,0
1068,1
1069,1
1070,0
1071,0
1072,0
1073,1
1074,0
1075,0
1076,0
1077,1
1078,0
1079,1
1080,1
1081,0
1082,0
1083,0
1084,0
1085,0
1086,0
1087,0
1088,1
1089,0
1090,1
1091,0
1092,0
1093,1
1094,1
1095,1
1096,0
1097,0
1098,0
1099,1
1100,1
1101,1
1102,1
1103,0
1104,0
1105,1
1106,1
1107,1
1108,1
1109,0
1110,1
1111,1
1112,1
1113,1
1114,1
1115,1
1116,1
1117,1
1118,0
1119,1
1120,0
1121,0
1122,1
1123,1
1124,1
1125,0
1126,0
1127,1
1128,0
1129,1
1130,1
1131,1
1132,0
1133,1
1134,1
1135,1
1136,1
1137,1
1138,1
1139,1
1140,1
1141,1
1142,0
1143,1
1144,1
1145,1
1146,0
1147,1
1148,1
1149,1
1150,1
1151,0
1152,0
1153,1
1154,0
1155,0
1156,0
1157,0
1158,0
1159,1
1160,1
1161,0
1162,0
1163,0
1164,1
1165,1
1166,0
1167,1
1168,0
1169,1
1170,0
1171,1
1172,1
1173,1
1174,1
1175,1
1176,0
1177,0
1178,0
1179,1
1180,1
1181,0
1182,0
1183,1
1184,0
1185,1
1186,1
1187,1
1188,1
1189,0
1190,1
1191,0
1192,1
1193,0
1194,0
1195,0
1196,0
1197,0
1198,1
1199,0
1200,0
1201,1
1202,0
1203,1
1204,1
1205,1
1206,0
1207,1
1208,1
1209,0
1210,1
1211,1
1212,0
1213,1
1214,0
1215,1
1216,1
1217,1
1218,1
1219,0
1220,1
1221,1
1222,0
1223,0
1224,0
1225,1
1226,0
1227,1
1228,1
1229,0
1230,1
1231,1
1232,1
1233,0
1234,1
1235,0
1236,0
1237,1
1238,0
1239,0
1240,0
1241,1
1242,1
1243,0
1244,0
1245,1
1246,0
1247,0
1248,0
1249,1
1250,0
1251,0
1252,0
1253,1
1254,0
1255,1
1256,0
1257,1
1258,0
1259,1
1260,0
1261,0
1262,1
1263,1
1264,1
1265,0
1266,0
1267,1
1268,1
1269,1
1270,1
1271,1
1272,1
1273,1
1274,1
1275,1
1276,0
1277,0
1278,1
1279,0
1280,1
1281,1
1282,0
1283,1
1284,0
1285,0
1286,1
1287,1
1288,1
1289,1
1290,1
1291,1
1292,1
1293,0
1294,0
1295,0
1296,0
1297,0
1298,0
1299,0
1300,1
1301,1
1302,1
1303,1
1304,0
1305,0
1306,1
1307,1
1308,0
1309,1
1310,1
1311,1
1312,1
1313,0
1314,1
1315,0
1316,1
1317,0
1318,1
1319,1
1320,0
1321,1
1322,1
1323,0
1324,0
1325,1
1326,1
1327,0
1328,0
1329,1
1330,1
1331,0
1332,1
1333,0
1334,0
1335,1
1336,1
1337,0
1338,1
1339,0
1340,1
1341,1
1342,0
1343,1
1344,1
1345,1
1346,1
1347,0
1348,1
1349,1
1350,1
1351,0
1352,0
1353,1
1354,0
1355,1
1356,0
1357,1
1358,1
1359,0
1360,0
1361,1
1362,1
1363,0
1364,0
1365,1
1366,1
1367,1
1368,0
1369,0
1370,1
1371,0
1372,0
1373,0
1374,1
1375,0
1376,0
1377,1
1378,1
1379,1
1380,1
1381,0
1382,0
1383,1
1384,0
1385,0
1386,1
1387,1
1388,1
1389,1
1390,1
1391,0
1392,0
1393,0
1394,0
1395,1
1396,0
1397,1
1398,0
1399,0
1400,0
1401,0
1402,0
1403,0
1404,1
1405,1
1406,1
1407,0
1408,0
1409,0
1410,1
1411,0
1412,1
1413,0
1414,1
1415,1
1416,0
1417,1
1418,0
1419,0
1420,1
1421,0
1422,0
1423,0
1424,1
1425,1
1426,1
1427,1
1428,1
1429,1
1430,0
1431,0
1432,0
1433,1
1434,1
1435,1
1436,0
1437,0
1438,1
1439,0
1440,1
1441,1
1442,1
1443,1
1444,0
1445,0
1446,1
1447,0
1448,1
1449,0
1450,1
1451,0
1452,0
1453,1
1454,1
1455,1
1456,1
1457,0
1458,0
1459,1
1460,0
1461,1
1462,0
1463,0
1464,1
1465,1
1466,1
1467,0
1468,1
1469,1
1470,0
1471,1
1472,0
1473,0
1474,0
1475,1
1476,1
1477,1
1478,1
1479,1
1480,1
1481,1
1482,1
1483,0
1484,0
1485,1
1486,0
1487,0
1488,0
1489,1
1490,1
1491,0
1492,1
1493,1
1494,1
1495,1
1496,1
1497,1
1498,1
1499,0
1500,1
1501,1
1502,1
1503,1
1504,0
1505,1
1506,1
1507,1
1508,1
1509,0
1510,0
1511,1
1512,0
1513,1
1514,1
1515,0
1516,0
1517,0
1518,1
1519,0
1520,1
1521,0
1522,1
1523,1
1524,1
1525,1
1526,1
1527,1
1528,0
1529,1
1530,1
1531,0
1532,1
1533,1
1534,1
1535,0
1536,0
1537,1
1538,1
1539,0
1540,1
1541,0
1542,1
1543,0
1544,1
1545,0
1546,1
1547,1
1548,1
1549,1
1550,1
1551,1
1552,0
1553,1
1554,0
1555,0
1556,0
1557,0
1558,0
1559,1
1560,0
1561,0
1562,0
1563,1
1564,0
1565,1
1566,0
1567,1
1568,0
1569,1
1570,0
1571,1
1572,1
1573,1
1574,0
1575,1
1576,1
1577,0
1578,1
1579,0
1580,1
1581,1
1582,1
1583,0
1584,0
1585,1
1586,1
1587,0
1588,1
1589,0
1590,0
1591,0
1592,0
1593,1
1594,0
1595,1
1596,0
1597,1
1598,0
1599,1
1600,1
1601,1
1602,1
1603,1
1604,1
1605,0
1606,1
1607,0
1608,1
1609,0
1610,1
1611,0
1612,1
1613,1
1614,0
1615,1
1616,1
1617,1
1618,1
1619,1
1620,0
1621,0
1622,0
1623,1
1624,1
1625,0
1626,1
1627,1
1628,1
1629,0
1630,0
1631,1
1632,1
1633,1
1634,1
1635,1
1636,1
1637,1
1638,0
1639,1
1640,0
1641,1
1642,0
1643,1
1644,0
1645,1
1646,1
1647,0
1648,1
1649,1
1650,0
1651,1
1652,0
1653,1
1654,1
1655,1
1656,1
1657,0
1658,1
1659,0
1660,0
1661,1
1662,1
1663,1
1664,0
1665,0
1666,0
1667,1
1668,1
1669,0
1670,1
1671,1
1672,1
1673,1
1674,0
1675,1
1676,1
1677,0
1678,1
1679,0
1680,1
1681,1
1682,1
1683,1
1684,0
1685,0
1686,0
1687,1
1688,1
1689,1
1690,1
1691,1
1692,1
1693,0
1694,0
1695,1
1696,0
1697,1
1698,0
1699,1
1700,1
1701,0
1702,1
1703,0
1704,1
1705,0
1706,0
1707,1
1708,1
1709,0
1710,0
1711,1
1712,0
1713,0
1714,1
1715,1
1716,1
1717,0
1718,1
1719,1
1720,1
1721,0
1722,0
1723,1
1724,0
1725,0
1726,0
1727,0
1728,1
1729,0
1730,0
1731,1
1732,1
1733,0
1734,0
1735,1
1736,1
1737,1
1738,1
1739,1
1740,1
1741,0
1742,1
1743,1
1744,1
1745,0
1746,0
1747,1
1748,1
1749,1
1750,1
1751,0
1752,1
1753,1
1754,1
1755,1
1756,0
1757,1
1758,0
1759,1
1760,1
1761,0
1762,1
1763,1
1764,1
1765,1
1766,0
1767,1
1768,1
1769,1
1770,1
1771,1
1772,1
1773,0
1774,1
1775,1
1776,0
1777,1
1778,0
1779,0
1780,0
1781,1
1782,0
1783,0
1784,1
1785,1
1786,0
1787,0
1788,0
1789,0
1790,0
1791,0
1792,1
1793,0
1794,1
1795,0
1796,1
1797,1
1798,1
1799,1
1800,1
1801,1
1802,0
1803,1
1804,0
1805,1
1806,0
1807,1
1808,0
1809,0
1810,0
1811,1
1812,0
1813,0
1814,1
1815,1
1816,1
1817,1
1818,1
1819,1
1820,0
1821,1
1822,1
1823,0
1824,1
1825,1
1826,0
1827,0
1828,1
1829,1
1830,0
1831,1
1832,0
1833,1
1834,0
1835,0
1836,0
1837,1
1838,1
1839,1
1840,0
1841,0
1842,1
1843,1
1844,1
1845,1
1846,0
1847,1
1848,0
1849,0
1850,0
1851,0
1852,1
1853,1
1854,0
1855,0
1856,1
1857,1
1858,1
1859,1
1860,1
1861,1
1862,0
1863,0
1864,0
1865,0
1866,1
1867,0
1868,1
1869,1
1870,1
1871,1
1872,0
1873,1
1874,1
1875,0
1876,1
1877,1
1878,1
1879,0
1880,1
1881,0
1882,0
1883,0
1884,1
1885,0
1886,1
1887,1
1888,1
1889,0
1890,1
1891,1
1892,1
1893,1
1894,0
1895,1
1896,0
1897,0
1898,0
1899,0
1900,1
1901,1
1902,1
1903,1
1904,1
1905,0
1906,1
1907,0
1908,0
1909,0
1910,1
1911,0
1912,1
1913,0
1914,1
1915,1
1916,1
1917,0
1918,1
1919,0
1920,1
1921,0
1922,0
1923,0
1924,1
1925,1
1926,1
1927,1
1928,0
1929,1
1930,1
1931,1
1932,0
1933,1
1934,1
1935,0
1936,0
1937,1
1938,0
1939,0
1940,1
1941,0
1942,1
1943,1
1944,1
1945,0
1946,1
1947,0
1948,1
1949,1
1950,1
1951,1
1952,0
1953,1
1954,0
1955,1
1956,0
1957,1
1958,1
1959,1
1960,1
1961,0
1962,1
1963,0
1964,0
1965,1
1966,0
1967,1
1968,1
1969,1
1970,1
1971,0
1972,1
1973,1
1974,1
1975,0
1976,1
1977,1
1978,0
1979,1
1980,1
1981,1
1982,1
1983,0
1984,1
1985,0
1986,0
1987,0
1988,0
1989,1
1990,0
1991,1
1992,1
1993,0
1994,0
1995,0
1996,1
1997,1
1998,1
1999,1
2000,0
2001,0
2002,0
2003,1
2004,0
2005,1
2006,1
2007,0
2008,0
2009,1
2010,1
2011,1
2012,0
2013,1
2014,0
2015,0
2016,1
2017,1
2018,0
2019,0
2020,1
2021,0
2022,0
2023,1
2024,0
2025,1
2026,1
2027,1
2028,1
2029,0
2030,1
2031,1
2032,1
2033,0
2034,1
2035,1
2036,0
2037,0
2038,1
2039,0
2040,1
2041,1
2042,1
2043,1
2044,1
2045,1
2046,0
2047,0
2048,1
2049,1
2050,1
2051,1
2052,1
2053,1
2054,1
2055,1
2056,1
2057,0
2058,1
2059,1
2060,0
2061,1
2062,0
2063,1
2064,0
2065,1
2066,0
2067,0
2068,1
2069,1
2070,1
2071,1
2072,0
2073,1
2074,1
2075,1
2076,0
2077,1
2078,1
2079,1
2080,1
2081,1
2082,1
2083,0
2084,0
2085,1
2086,1
2087,1
2088,0
2089,1
2090,0
2091,1
2092,1
2093,0
2094,1
2095,0
2096,0
2097,0
2098,1
2099,1
2100,0
2101,0
2102,1
2103,1
2104,1
2105,0
2106,0
2107,0
2108,0
2109,0
2110,0
2111,0
2112,1
2113,1
2114,1
2115,0
2116,0
2117,0
2118,1
2119,1
2120,1
2121,1
2122,1
2123,0
2124,1
2125,1
2126,0
2127,1
2128,1
2129,1
2130,1
2131,1
2132,1
2133,0
2134,0
2135,1
2136,1
2137,0
2138,1
2139,0
2140,1
2141,0
2142,0
2143,1
2144,1
2145,1
2146,0
2147,0
2148,1
2149,0
2150,1
2151,1
2152,0
2153,0
2154,1
2155,1
2156,1
2157,1
2158,1
2159,0
2160,1
2161,1
2162,1
2163,1
2164,0
2165,0
2166,0
2167,1
2168,0
2169,0
2170,1
2171,1
2172,0
2173,1
2174,0
2175,1
2176,0
2177,0
2178,1
2179,1
2180,1
2181,0
2182,0
2183,0
2184,0
2185,1
2186,1
2187,1
2188,1
2189,1
2190,1
2191,1
2192,1
2193,1
2194,0
2195,0
2196,1
2197,0
2198,1
2199,1
2200,0
2201,1
2202,1
2203,1
2204,1
2205,1
2206,0
2207,1
2208,1
2209,0
2210,1
2211,1
2212,1
2213,0
2214,1
2215,0
2216,1
2217,0
2218,1
2219,0
2220,0
2221,1
2222,1
2223,1
2224,1
2225,0
2226,0
2227,1
2228,0
2229,0
2230,1
2231,0
2232,1
2233,1
2234,1
2235,1
2236,1
2237,1
2238,1
2239,1
2240,0
2241,0
2242,1
2243,1
2244,0
2245,1
2246,1
2247,0
2248,1
2249,0
2250,0
2251,1
2252,0
2253,1
2254,1
2255,1
2256,1
2257,1
2258,0
2259,0
2260,1
2261,1
2262,1
2263,0
2264,1
2265,0
2266,0
2267,0
2268,1
2269,1
2270,0
2271,1
2272,0
2273,1
2274,1
2275,1
2276,1
2277,1
2278,1
2279,0
2280,0
2281,1
2282,0
2283,1
2284,1
2285,0
2286,0
2287,1
2288,1
2289,1
2290,1
2291,0
2292,1
2293,1
2294,0
2295,1
2296,0
2297,0
2298,1
2299,1
2300,0
2301,1
2302,1
2303,1
2304,1
2305,0
2306,1
2307,0
2308,1
2309,1
2310,1
2311,0
2312,1
2313,0
2314,0
2315,0
2316,0
2317,0
2318,1
2319,1
2320,0
2321,0
2322,1
2323,1
2324,0
2325,0
2326,1
2327,1
2328,1
2329,0
2330,1
2331,0
2332,0
2333,1
2334,0
2335,1
2336,1
2337,1
2338,1
2339,1
2340,1
2341,0
2342,0
2343,1
2344,0
2345,0
2346,1
2347,1
2348,1
2349,1
2350,0
2351,1
2352,0
2353,1
2354,1
2355,1
2356,0
2357,1
2358,1
2359,0
2360,1
2361,0
2362,1
2363,1
2364,1
2365,0
2366,0
2367,0
2368,1
2369,1
2370,1
2371,1
2372,1
2373,0
2374,0
2375,1
2376,0
2377,1
2378,0
2379,0
2380,1
2381,0
2382,1
2383,1
2384,0
2385,0
2386,1
2387,1
2388,1
2389,0
2390,0
2391,1
2392,0
2393,1
2394,0
2395,1
2396,1
2397,0
2398,1
2399,0
2400,1
2401,1
2402,1
2403,0
2404,1
2405,1
2406,0
2407,1
2408,0
2409,1
2410,0
2411,1
2412,1
2413,0
2414,0
2415,0
2416,0
2417,1
2418,0
2419,1
2420,1
2421,0
2422,1
2423,1
2424,1
2425,1
2426,1
2427,1
2428,1
2429,0
2430,1
2431,1
2432,0
2433,1
2434,0
2435,1
2436,0
2437,1
2438,1
2439,1
2440,1
2441,1
2442,1
2443,0
2444,1
2445,0
2446,0
2447,1
2448,0
2449,1
2450,1
2451,1
2452,1
2453,1
2454,0
2455,1
2456,0
2457,0
2458,1
2459,1
2460,0
2461,0
2462,1
2463,1
2464,1
2465,0
2466,1
2467,1
2468,1
2469,1
2470,1
2471,0
2472,1
2473,0
2474,1
2475,1
2476,0
2477,0
2478,0
2479,1
2480,0
2481,1
2482,1
2483,0
2484,0
2485,1
2486,1
2487,1
2488,0
2489,1
2490,0
2491,1
2492,0
2493,0
2494,1
2495,1
2496,0
2497,1
2498,1
2499,1
2500,0
2501,1
2502,1
2503,1
2504,1
2505,0
2506,0
2507,0
2508,1
2509,1
2510,0
2511,1
2512,1
2513,1
2514,1
2515,1
2516,1
2517,1
2518,1
2519,0
2520,1
2521,1
2522,0
2523,1
2524,0
2525,1
2526,0
2527,0
2528,0
2529,0
2530,0
2531,0
2532,1
2533,1
2534,0
2535,0
2536,1
2537,1
2538,1
2539,0
2540,1
2541,1
2542,1
2543,0
2544,0
2545,1
2546,0
2547,1
2548,0
2549,1
2550,0
2551,1
2552,1
2553,1
2554,1
2555,0
2556,1
2557,0
2558,1
2559,1
2560,1
2561,0
2562,1
2563,1
2564,1
2565,0
2566,1
2567,0
2568,1
2569,0
2570,1
2571,1
2572,0
2573,0
2574,0
2575,1
2576,1
2577,1
2578,1
2579,1
2580,0
2581,1
2582,1
2583,1
2584,0
2585,1
2586,1
2587,1
2588,1
2589,0
2590,0
2591,1
2592,1
2593,1
2594,0
2595,0
2596,0
2597,0
2598,1
2599,0
2600,1
2601,1
2602,1
2603,1
2604,1
2605,1
2606,1
2607,1
2608,1
2609,1
2610,1
2611,1
2612,0
2613,1
2614,0
2615,1
2616,1
2617,0
2618,0
2619,1
2620,0
2621,0
2622,0
2623,1
2624,0
2625,1
2626,0
2627,0
2628,1
2629,0
2630,1
2631,1
2632,0
2633,1
2634,1
2635,0
2636,1
2637,0
2638,1
2639,1
2640,1
2641,0
2642,1
2643,1
2644,1
2645,0
2646,0
2647,1
2648,1
2649,1
2650,0
2651,1
2652,1
2653,1
2654,0
2655,1
2656,0
2657,1
2658,0
2659,1
2660,0
2661,0
2662,1
2663,0
2664,1
2665,1
2666,1
2667,1
2668,1
2669,0
2670,0
2671,1
2672,0
2673,1
2674,1
2675,0
2676,0
2677,0
2678,1
2679,1
2680,0
2681,1
2682,1
2683,0
2684,0
2685,1
2686,0
2687,0
2688,1
2689,1
2690,0
2691,1
2692,0
2693,0
2694,0
2695,1
2696,0
2697,0
2698,1
2699,0
2700,0
2701,0
2702,0
2703,1
2704,1
2705,1
2706,1
2707,1
2708,0
2709,1
2710,1
2711,0
2712,0
2713,1
2714,1
2715,1
2716,1
2717,0
2718,1
2719,0
2720,0
2721,0
2722,0
2723,1
2724,0
2725,0
2726,1
2727,1
2728,1
2729,1
2730,1
2731,1
2732,0
2733,0
2734,1
2735,0
2736,0
2737,0
2738,0
2739,1
2740,0
2741,1
2742,1
2743,0
2744,1
2745,1
2746,0
2747,0
2748,0
2749,1
2750,1
2751,1
2752,0
2753,0
2754,0
2755,0
2756,0
2757,1
2758,0
2759,1
2760,0
2761,0
2762,0
2763,0
2764,0
2765,0
2766,1
2767,0
2768,1
2769,1
2770,1
2771,0
2772,1
2773,1
2774,1
2775,1
2776,1
2777,0
2778,1
2779,1
2780,0
2781,1
2782,0
2783,1
2784,0
2785,0
2786,1
2787,1
2788,1
2789,1
2790,0
2791,1
2792,0
2793,0
2794,1
2795,0
2796,0
2797,0
2798,1
2799,0
2800,0
2801,1
2802,0
2803,0
2804,0
2805,0
2806,0
2807,1
2808,0
2809,1
2810,0
2811,0
2812,0
2813,0
2814,1
2815,0
2816,1
2817,0
2818,1
2819,0
2820,0
2821,1
2822,1
2823,0
2824,0
2825,0
2826,0
2827,0
2828,1
2829,0
2830,0
2831,1
2832,1
2833,0
2834,0
2835,1
2836,1
2837,0
2838,1
2839,0
2840,1
2841,0
2842,1
2843,0
2844,0
2845,0
2846,0
2847,1
2848,1
2849,1
2850,0
2851,0
2852,0
2853,0
2854,0
2855,1
2856,1
2857,1
2858,1
2859,1
2860,1
2861,1
2862,0
2863,1
2864,1
2865,1
2866,1
2867,0
2868,0
2869,0
2870,0
2871,1
2872,0
2873,0
2874,1
2875,0
2876,0
2877,1
2878,1
2879,1
2880,1
2881,0
2882,0
2883,1
2884,1
2885,1
2886,1
2887,1
2888,1
2889,1
2890,0
2891,0
2892,0
2893,1
2894,1
2895,1
2896,1
2897,1
2898,1
2899,1
2900,1
2901,1
2902,1
2903,1
2904,1
2905,1
2906,0
2907,1
2908,0
2909,1
2910,0
2911,0
2912,1
2913,0
2914,0
2915,1
2916,1
2917,0
2918,1
2919,1
2920,1
2921,1
2922,0
2923,0
2924,0
2925,1
2926,1
2927,1
2928,0
2929,1
2930,0
2931,1
2932,0
2933,0
2934,1
2935,1
2936,0
2937,1
2938,0
2939,1
2940,1
2941,1
2942,0
2943,1
2944,0
2945,0
2946,1
2947,0
2948,0
2949,0
2950,1
2951,1
2952,1
2953,0
2954,1
2955,0
2956,1
2957,0
2958,1
2959,1
2960,1
2961,0
2962,1
2963,1
2964,1
2965,1
2966,0
2967,1
2968,1
2969,0
2970,1
2971,0
2972,0
2973,0
2974,1
2975,0
2976,0
2977,1
2978,1
2979,0
2980,1
2981,0
2982,1
2983,1
2984,0
2985,0
2986,1
2987,0
2988,0
2989,0
2990,1
2991,1
2992,1
2993,1
2994,1
2995,1
2996,0
2997,1
2998,0
2999,0
3000,0
3001,1
3002,1
3003,0
3004,1
3005,0
3006,0
3007,1
3008,1
3009,0
3010,0
3011,1
3012,1
3013,0
3014,0
3015,1
3016,1
3017,1
3018,0
3019,1
3020,0
3021,0
3022,0
3023,1
3024,1
3025,0
3026,0
3027,0
3028,0
3029,1
3030,1
3031,0
3032,0
3033,1
3034,1
3035,1
3036,0
3037,0
3038,1
3039,0
3040,1
3041,1
3042,1
3043,0
3044,1
3045,0
3046,1
3047,1
3048,1
3049,1
3050,1
3051,1
3052,0
3053,1
3054,1
3055,1
3056,0
3057,1
3058,1
3059,0
3060,1
3061,1
3062,0
3063,1
3064,0
3065,1
3066,0
3067,1
3068,0
3069,1
3070,1
3071,0
3072,1
3073,0
3074,1
3075,0
3076,0
3077,1
3078,1
3079,1
3080,0
3081,0
3082,1
3083,0
3084,1
3085,1
3086,1
3087,0
3088,0
3089,1
3090,0
3091,0
3092,0
3093,1
3094,0
3095,0
3096,1
3097,1
3098,1
3099,1
3100,0
3101,1
3102,0
3103,1
3104,1
3105,0
3106,0
3107,1
3108,1
3109,1
3110,1
3111,1
3112,1
3113,1
3114,0
3115,1
3116,0
3117,1
3118,0
3119,1
3120,1
3121,1
3122,1
3123,1
3124,1
3125,1
3126,0
3127,0
3128,0
3129,1
3130,1
3131,1
3132,1
3133,1
3134,1
3135,0
3136,1
3137,1
3138,0
3139,1
3140,0
3141,1
3142,0
3143,0
3144,0
3145,1
3146,0
3147,0
3148,0
3149,0
3150,0
3151,1
3152,1
3153,1
3154,1
3155,0
3156,0
3157,0
3158,0
3159,1
3160,0
3161,1
3162,1
3163,0
3164,1
3165,0
3166,0
3167,0
3168,1
3169,1
3170,0
3171,0
3172,1
3173,1
3174,1
3175,1
3176,1
3177,1
3178,1
3179,1
3180,1
3181,0
3182,0
3183,1
3184,0
3185,0
3186,1
3187,1
3188,0
3189,1
3190,0
3191,1
3192,1
3193,1
3194,1
3195,1
3196,1
3197,0
3198,1
3199,1
3200,0
3201,0
3202,1
3203,1
3204,1
3205,1
3206,0
3207,1
3208,1
3209,1
3210,0
3211,1
3212,1
3213,0
3214,0
3215,0
3216,0
3217,1
3218,0
3219,0
3220,1
3221,1
3222,1
3223,1
3224,1
3225,1
3226,0
3227,1
3228,1
3229,0
3230,0
3231,0
3232,1
3233,0
3234,1
3235,0
3236,0
3237,1
3238,0
3239,1
3240,1
3241,0
3242,1
3243,0
3244,0
3245,1
3246,0
3247,1
3248,0
3249,1
3250,1
3251,0
3252,1
3253,1
3254,0
3255,1
3256,1
3257,1
3258,1
3259,1
3260,0
3261,0
3262,1
3263,0
3264,1
3265,1
3266,1
3267,1
3268,1
3269,1
3270,0
3271,0
3272,1
3273,1
3274,0
3275,0
3276,1
3277,0
3278,1
3279,1
3280,0
3281,1
3282,1
3283,1
3284,1
3285,0
3286,0
3287,1
3288,1
3289,0
3290,1
3291,1
3292,0
3293,1
3294,0
3295,0
3296,0
3297,0
3298,1
3299,1
3300,0
3301,0
3302,0
3303,0
3304,1
3305,0
3306,0
3307,1
3308,1
3309,1
3310,0
3311,1
3312,0
3313,0
3314,1
3315,0
3316,1
3317,0
3318,0
3319,0
3320,1
3321,0
3322,0
3323,1
3324,1
3325,1
3326,0
3327,1
3328,1
3329,0
3330,1
3331,1
3332,1
3333,1
3334,1
3335,0
3336,1
3337,1
3338,0
3339,0
3340,0
3341,0
3342,1
3343,0
3344,1
3345,1
3346,1
3347,1
3348,0
3349,1
3350,0
3351,1
3352,1
3353,0
3354,0
3355,1
3356,1
3357,0
3358,1
3359,0
3360,0
3361,0
3362,0
3363,1
3364,0
3365,1
3366,1
3367,0
3368,0
3369,1
3370,1
3371,0
3372,0
3373,0
3374,1
3375,1
3376,1
3377,1
3378,0
3379,1
3380,1
3381,1
3382,0
3383,0
3384,1
3385,1
3386,0
3387,1
3388,1
3389,1
3390,1
3391,1
3392,0
3393,0
3394,0
3395,1
3396,1
3397,1
3398,0
3399,1
3400,0
3401,1
3402,0
3403,0
3404,1
3405,0
3406,1
3407,0
3408,1
3409,1
3410,0
3411,1
3412,1
3413,0
3414,0
3415,1
3416,1
3417,1
3418,1
3419,1
3420,0
3421,1
3422,1
3423,0
3424,1
3425,0
3426,1
3427,1
3428,0
3429,1
3430,1
3431,0
3432,0
3433,0
3434,1
3435,0
3436,1
3437,1
3438,1
3439,1
3440,0
3441,1
3442,1
3443,1
3444,1
3445,0
3446,0
3447,1
3448,1
3449,0
3450,0
3451,1
3452,1
3453,1
3454,0
3455,1
3456,1
3457,1
3458,1
3459,0
3460,0
3461,1
3462,0
3463,1
3464,0
3465,1
3466,0
3467,1
3468,0
3469,0
3470,0
3471,0
3472,1
3473,1
3474,0
3475,1
3476,1
3477,1
3478,0
3479,1
3480,0
3481,1
3482,0
3483,1
3484,0
3485,0
3486,0
3487,0
3488,1
3489,0
3490,1
3491,1
3492,0
3493,0
3494,1
3495,0
3496,0
3497,1
3498,1
3499,0
3500,1
3501,1
3502,1
3503,1
3504,1
3505,1
3506,1
3507,1
3508,0
3509,1
3510,0
3511,1
3512,1
3513,1
3514,1
3515,0
3516,1
3517,1
3518,1
3519,1
3520,1
3521,0
3522,0
3523,1
3524,1
3525,1
3526,0
3527,0
3528,1
3529,0
3530,0
3531,0
3532,1
3533,0
3534,1
3535,0
3536,1
3537,0
3538,1
3539,0
3540,1
3541,1
3542,0
3543,1
3544,1
3545,1
3546,1
3547,0
3548,0
3549,0
3550,1
3551,0
3552,1
3553,0
3554,1
3555,1
3556,0
3557,0
3558,1
3559,1
3560,1
3561,1
3562,1
3563,0
3564,1
3565,1
3566,1
3567,1
3568,1
3569,0
3570,1
3571,1
3572,1
3573,0
3574,1
3575,1
3576,1
3577,1
3578,0
3579,1
3580,1
3581,1
3582,1
3583,0
3584,0
3585,0
3586,0
3587,1
3588,1
3589,0
3590,0
3591,0
3592,0
3593,0
3594,0
3595,1
3596,0
3597,1
3598,0
3599,1
3600,1
3601,0
3602,1
3603,0
3604,0
3605,1
3606,1
3607,1
3608,1
3609,0
3610,1
3611,1
3612,0
3613,1
3614,1
3615,1
3616,1
3617,0
3618,1
3619,0
3620,0
3621,0
3622,0
3623,1
3624,1
3625,0
3626,0
3627,1
3628,1
3629,1
3630,1
3631,1
3632,1
3633,1
3634,0
3635,0
3636,0
3637,1
3638,0
3639,0
3640,1
3641,1
3642,0
3643,0
3644,1
3645,0
3646,1
3647,0
3648,0
3649,0
3650,1
3651,0
3652,1
3653,0
3654,0
3655,0
3656,1
3657,1
3658,1
3659,0
3660,1
3661,0
3662,1
3663,1
3664,0
3665,1
3666,1
3667,1
3668,1
3669,0
3670,0
3671,1
3672,1
3673,1
3674,0
3675,1
3676,1
3677,1
3678,1
3679,1
3680,1
3681,0
3682,0
3683,1
3684,0
3685,1
3686,1
3687,0
3688,0
3689,1
3690,0
3691,0
3692,1
3693,1
3694,1
3695,1
3696,1
3697,0
3698,0
3699,1
3700,0
3701,1
3702,0
3703,1
3704,0
3705,1
3706,0
3707,1
3708,1
3709,0
3710,0
3711,0
3712,0
3713,1
3714,0
3715,0
3716,0
3717,1
3718,0
3719,0
3720,0
3721,1
3722,1
3723,0
3724,1
3725,0
3726,1
3727,1
3728,1
3729,0
3730,0
3731,0
3732,1
3733,1
3734,1
3735,0
3736,1
3737,1
3738,0
3739,1
3740,0
3741,0
3742,1
3743,1
3744,1
3745,0
3746,1
3747,1
3748,1
3749,0
3750,0
3751,1
3752,1
3753,1
3754,1
3755,0
3756,1
3757,0
3758,1
3759,1
3760,0
3761,1
3762,0
3763,0
3764,0
3765,0
3766,1
3767,0
3768,1
3769,1
3770,1
3771,1
3772,1
3773,0
3774,0
3775,1
3776,0
3777,0
3778,1
3779,1
3780,1
3781,0
3782,0
3783,1
3784,0
3785,1
3786,0
3787,0
3788,1
3789,0
3790,1
3791,1
3792,1
3793,1
3794,0
3795,1
3796,1
3797,0
3798,1
3799,0
3800,1
3801,1
3802,0
3803,1
3804,0
3805,1
3806,1
3807,1
3808,1
3809,1
3810,1
3811,1
3812,1
3813,0
3814,1
3815,0
3816,1
3817,0
3818,1
3819,0
3820,0
3821,1
3822,1
3823,1
3824,1
3825,1
3826,0
3827,1
3828,1
3829,0
3830,1
3831,0
3832,1
3833,1
3834,0
3835,1
3836,1
3837,1
3838,1
3839,0
3840,1
3841,1
3842,0
3843,1
3844,0
3845,1
3846,0
3847,0
3848,0
3849,0
3850,1
3851,1
3852,0
3853,1
3854,1
3855,0
3856,1
3857,0
3858,1
3859,1
3860,1
3861,1
3862,0
3863,1
3864,0
3865,1
3866,0
3867,1
3868,0
3869,0
3870,1
3871,1
3872,0
3873,1
3874,1
3875,0
3876,1
3877,1
3878,1
3879,0
3880,0
3881,0
3882,0
3883,1
3884,1
3885,1
3886,0
3887,1
3888,1
3889,0
3890,0
3891,1
3892,1
3893,1
3894,0
3895,0
3896,1
3897,0
3898,1
3899,0
3900,1
3901,1
3902,0
3903,1
3904,0
3905,0
3906,1
3907,0
3908,0
3909,1
3910,0
3911,1
3912,0
3913,0
3914,1
3915,1
3916,1
3917,1
3918,1
3919,1
3920,1
3921,1
3922,1
3923,0
3924,1
3925,0
3926,1
3927,0
3928,0
3929,0
3930,1
3931,1
3932,1
3933,1
3934,1
3935,0
3936,0
3937,0
3938,1
3939,0
3940,0
3941,1
3942,1
3943,0
3944,1
3945,0
3946,0
3947,0
3948,0
3949,0
3950,1
3951,1
3952,1
3953,1
3954,0
3955,1
3956,1
3957,1
3958,1
3959,1
3960,1
3961,1
3962,0
3963,1
3964,1
3965,1
3966,1
3967,1
3968,1
3969,0
3970,1
3971,1
3972,1
3973,0
3974,1
3975,0
3976,0
3977,0
3978,1
3979,0
3980,1
3981,1
3982,0
3983,1
3984,0
3985,0
3986,1
3987,1
3988,1
3989,0
3990,0
3991,1
3992,0
3993,0
3994,1
3995,1
3996,0
3997,0
3998,1
3999,0
4000,0
4001,0
4002,1
4003,1
4004,1
4005,1
4006,0
4007,1
4008,0
4009,0
4010,0
4011,1
4012,0
4013,0
4014,1
4015,0
4016,1
4017,0
4018,1
4019,0
4020,0
4021,0
4022,0
4023,1
4024,1
4025,1
4026,0
4027,1
4028,0
4029,1
4030,1
4031,1
4032,1
4033,1
4034,0
4035,1
4036,1
4037,1
4038,1
4039,1
4040,1
4041,1
4042,0
4043,0
4044,0
4045,1
4046,0
4047,0
4048,0
4049,0
4050,1
4051,0
4052,0
4053,1
4054,0
4055,0
4056,0
4057,1
4058,1
4059,1
4060,1
4061,1
4062,1
4063,0
4064,0
4065,1
4066,1
4067,1
4068,1
4069,0
4070,1
4071,1
4072,1
4073,1
4074,0
4075,0
4076,0
4077,0
4078,0
4079,0
4080,0
4081,0
4082,1
4083,0
4084,1
4085,0
4086,1
4087,0
4088,1
4089,1
4090,1
4091,0
4092,1
4093,1
4094,1
4095,1
4096,1
4097,0
4098,1
4099,0
4100,1
4101,0
4102,1
4103,1
4104,1
4105,0
4106,1
4107,0
4108,1
4109,0
4110,0
4111,1
4112,1
4113,0
4114,0
4115,1
4116,1
4117,0
4118,0
4119,1
4120,0
4121,1
4122,1
4123,0
4124,0
4125,1
4126,1
4127,0
4128,1
4129,1
4130,1
4131,0
4132,1
4133,1
4134,1
4135,0
4136,1
4137,1
4138,1
4139,1
4140,0
4141,1
4142,1
4143,1
4144,0
4145,1
4146,0
4147,0
4148,1
4149,1
4150,1
4151,1
4152,0
4153,0
4154,0
4155,1
4156,1
4157,0
4158,1
4159,0
4160,1
4161,0
4162,0
4163,1
4164,0
4165,0
4166,0
4167,0
4168,1
4169,1
4170,0
4171,0
4172,1
4173,0
4174,1
4175,0
4176,1
4177,0
4178,0
4179,1
4180,0
4181,0
4182,1
4183,0
4184,0
4185,1
4186,1
4187,1
4188,1
4189,1
4190,0
4191,1
4192,1
4193,1
4194,1
4195,1
4196,1
4197,1
4198,0
4199,0
4200,0
4201,0
4202,0
4203,1
4204,1
4205,1
4206,1
4207,1
4208,1
4209,1
4210,0
4211,0
4212,0
4213,1
4214,1
4215,0
4216,1
4217,0
4218,1
4219,1
4220,1
4221,1
4222,1
4223,0
4224,1
4225,1
4226,0
4227,0
4228,1
4229,0
4230,1
4231,1
4232,0
4233,0
4234,1
4235,0
4236,1
4237,1
4238,1
4239,1
4240,0
4241,0
4242,1
4243,0
4244,1
4245,1
4246,1
4247,1
4248,1
4249,1
4250,0
4251,1
4252,1
4253,0
4254,0
4255,1
4256,0
4257,0
4258,0
4259,0
4260,1
4261,1
4262,1
4263,1
4264,0
4265,1
4266,1
4267,0
4268,1
4269,0
4270,1
4271,1
4272,1
4273,0
4274,1
4275,1
4276,1
4277,0
4278,1
4279,1
4280,0
4281,1
4282,0
4283,0
4284,1
4285,0
4286,1
4287,1
4288,1
4289,0
4290,1
4291,0
4292,0
4293,0
4294,0
4295,0
4296,1
4297,1
4298,0
4299,0
4300,0
4301,0
4302,0
4303,0
4304,1
4305,1
4306,1
4307,1
4308,0
4309,0
4310,1
4311,0
4312,1
4313,0
4314,0
4315,1
4316,0
4317,0
4318,1
4319,0
4320,1
4321,0
4322,1
4323,1
4324,1
4325,0
4326,1
4327,0
4328,1
4329,1
4330,1
4331,1
4332,0
4333,1
4334,1
4335,1
4336,1
4337,1
4338,1
4339,0
4340,0
4341,1
4342,0
4343,0
4344,0
4345,1
4346,1
4347,0
4348,0
4349,1
4350,1
4351,0
4352,1
4353,0
4354,1
4355,0
4356,1
4357,0
4358,1
4359,0
4360,1
4361,1
4362,0
4363,0
4364,0
4365,1
4366,0
4367,1
4368,1
4369,1
4370,1
4371,0
4372,1
4373,0
4374,0
4375,1
4376,1
4377,0
4378,1
4379,0
4380,0
4381,1
4382,1
4383,0
4384,0
4385,0
4386,1
4387,1
4388,0
4389,1
4390,1
4391,1
4392,1
4393,1
4394,1
4395,0
4396,1
4397,1
4398,1
4399,1
4400,1
4401,1
4402,0
4403,0
4404,1
4405,0
4406,0
4407,1
4408,0
4409,1
4410,0
4411,0
4412,1
4413,1
4414,0
4415,1
4416,1
4417,1
4418,0
4419,0
4420,1
4421,0
4422,1
4423,1
4424,1
4425,0
4426,0
4427,0
4428,1
4429,0
4430,1
4431,0
4432,1
4433,1
4434,0
4435,1
4436,1
4437,0
4438,1
4439,1
4440,1
4441,1
4442,0
4443,0
4444,1
4445,0
4446,1
4447,0
4448,0
4449,0
4450,1
4451,0
4452,0
4453,1
4454,0
4455,1
4456,0
4457,0
4458,0
4459,1
4460,0
4461,1
4462,1
4463,0
4464,0
4465,1
4466,1
4467,0
4468,0
4469,1
4470,0
4471,1
4472,0
4473,0
4474,0
4475,1
4476,0
4477,0
4478,0
4479,1
4480,0
4481,0
4482,1
4483,0
4484,0
4485,0
4486,0
4487,1
4488,0
4489,1
4490,1
4491,1
4492,0
4493,0
4494,1
4495,0
4496,1
4497,1
4498,1
4499,1
4500,1
4501,0
4502,1
4503,1
4504,1
4505,1
4506,1
4507,0
4508,0
4509,0
4510,0
4511,1
4512,1
4513,1
4514,0
4515,0
4516,1
4517,0
4518,0
4519,1
4520,1
4521,0
4522,1
4523,0
4524,1
4525,1
4526,1
4527,1
4528,1
4529,0
4530,0
4531,1
4532,0
4533,1
4534,1
4535,1
4536,0
4537,1
4538,1
4539,0
4540,1
4541,1
4542,1
4543,1
4544,1
4545,1
4546,0
4547,0
4548,1
4549,0
4550,1
4551,1
4552,1
4553,1
4554,1
4555,0
4556,1
4557,1
4558,1
4559,1
4560,1
4561,0
4562,1
4563,0
4564,1
4565,0
4566,0
4567,0
4568,1
4569,0
4570,0
4571,1
4572,0
4573,1
4574,1
4575,1
4576,0
4577,1
4578,0
4579,1
4580,1
4581,0
4582,0
4583,1
4584,0
4585,1
4586,1
4587,1
4588,1
4589,1
4590,1
4591,1
4592,1
4593,1
4594,0
4595,1
4596,0
4597,0
4598,0
4599,0
4600,1
4601,1
4602,1
4603,0
4604,0
4605,1
4606,1
4607,0
4608,1
4609,0
4610,0
4611,0
4612,1
4613,0
4614,1
4615,1
4616,1
4617,1
4618,1
4619,1
4620,0
4621,0
4622,0
4623,1
4624,0
4625,1
4626,0
4627,0
4628,0
4629,1
4630,0
4631,1
4632,1
4633,1
4634,1
4635,1
4636,1
4637,1
4638,1
4639,1
4640,0
4641,1
4642,0
4643,1
4644,1
4645,1
4646,1
4647,1
4648,1
4649,0
4650,1
4651,1
4652,0
4653,1
4654,1
4655,1
4656,1
4657,1
4658,1
4659,0
4660,0
4661,1
4662,0
4663,1
4664,0
4665,0
4666,0
4667,1
4668,1
4669,0
4670,1
4671,0
4672,0
4673,0
4674,1
4675,0
4676,1
4677,0
4678,1
4679,1
4680,1
4681,0
4682,1
4683,1
4684,0
4685,1
4686,1
4687,1
4688,0
4689,0
4690,1
4691,0
4692,1
4693,0
4694,1
4695,0
4696,0
4697,1
4698,0
4699,1
4700,1
4701,0
4702,0
4703,1
4704,1
4705,1
4706,1
4707,0
4708,1
4709,0
4710,1
4711,0
4712,0
4713,1
4714,0
4715,1
4716,1
4717,1
4718,1
4719,1
4720,1
4721,0
4722,0
4723,0
4724,1
4725,1
4726,1
4727,0
4728,1
4729,0
4730,1
4731,1
4732,1
4733,1
4734,0
4735,1
4736,1
4737,1
4738,0
4739,1
4740,1
4741,1
4742,0
4743,1
4744,1
4745,0
4746,1
4747,1
4748,0
4749,0
4750,0
4751,1
4752,1
4753,0
4754,1
4755,1
4756,1
4757,1
4758,0
4759,0
4760,1
4761,1
4762,1
4763,0
4764,0
4765,0
4766,0
4767,0
4768,0
4769,0
4770,1
4771,0
4772,1
4773,1
4774,1
4775,0
4776,1
4777,1
4778,1
4779,0
4780,0
4781,1
4782,0
4783,1
4784,1
4785,0
4786,1
4787,0
4788,0
4789,1
4790,0
4791,0
4792,1
4793,0
4794,1
4795,0
4796,1
4797,1
4798,1
4799,0
4800,1
4801,0
4802,0
4803,0
4804,1
4805,0
4806,0
4807,0
4808,1
4809,1
4810,0
4811,1
4812,0
4813,1
4814,1
4815,1
4816,0
4817,1
4818,1
4819,1
4820,1
4821,1
4822,0
4823,0
4824,1
4825,0
4826,0
4827,0
4828,1
4829,0
4830,1
4831,0
4832,1
4833,1
4834,0
4835,0
4836,0
4837,0
4838,1
4839,1
4840,0
4841,0
4842,0
4843,0
4844,0
4845,1
4846,0
4847,0
4848,0
4849,1
4850,1
4851,1
4852,1
4853,0
4854,0
4855,1
4856,1
4857,0
4858,0
4859,0
4860,1
4861,1
4862,1
4863,0
4864,1
4865,1
4866,1
4867,1
4868,1
4869,1
4870,0
4871,0
4872,0
4873,1
4874,0
4875,1
4876,1
4877,0
4878,1
4879,1
4880,0
4881,0
4882,1
4883,1
4884,0
4885,1
4886,0
4887,0
4888,0
4889,1
4890,1
4891,0
4892,0
4893,1
4894,0
4895,0
4896,0
4897,0
4898,0
4899,1
4900,1
4901,1
4902,1
4903,1
4904,1
4905,0
4906,0
4907,0
4908,1
4909,1
4910,0
4911,0
4912,1
4913,1
4914,1
4915,0
4916,1
4917,1
4918,0
4919,0
4920,1
4921,1
4922,0
4923,1
4924,1
4925,1
4926,1
4927,0
4928,1
4929,0
4930,1
4931,0
4932,0
4933,1
4934,0
4935,1
4936,0
4937,1
4938,1
4939,1
4940,0
4941,1
4942,0
4943,1
4944,0
4945,1
4946,0
4947,1
4948,0
4949,1
4950,0
4951,1
4952,1
4953,1
4954,0
4955,0
4956,1
4957,1
4958,1
4959,1
4960,1
4961,1
4962,1
4963,1
4964,1
4965,1
4966,0
4967,0
4968,0
4969,0
4970,0
4971,1
4972,1
4973,1
4974,1
4975,1
4976,1
4977,0
4978,0
4979,0
4980,1
4981,0
4982,0
4983,0
4984,0
4985,1
4986,1
4987,0
4988,1
4989,0
4990,0
4991,0
4992,0
4993,1
4994,0
4995,0
4996,0
4997,0
4998,1
4999,0
5000,0
5001,0
5002,0
5003,0
5004,1
5005,1
5006,0
5007,0
5008,1
5009,0
5010,0
5011,1
5012,1
5013,1
5014,1
5015,0
5016,0
5017,0
5018,1
5019,1
5020,1
5021,0
5022,0
5023,1
5024,1
5025,1
5026,1
5027,1
5028,0
5029,0
5030,0
5031,0
5032,0
5033,1
5034,1
5035,0
5036,0
5037,1
5038,1
5039,1
5040,0
